ISO-10303-21;
HEADER;
FILE_DESCRIPTION (( 'STEP AP214' ),
    '1' );
FILE_NAME ('L型支架^ECB80D-L200-S500-R-750W+减速机.STEP',
    '2026-09-16T03:27:58',
    ( '' ),
    ( '' ),
    'SwSTEP 2.0',
    'SolidWorks 2020',
    '' );
FILE_SCHEMA (( 'AUTOMOTIVE_DESIGN' ));
ENDSEC;

DATA;
#1 = VECTOR ( 'NONE', #1224, 1000.000000000000000 ) ;
#2 = CYLINDRICAL_SURFACE ( 'NONE', #1826, 4.174999999999999822 ) ;
#3 = EDGE_CURVE ( 'NONE', #1667, #1560, #683, .T. ) ;
#4 = FACE_OUTER_BOUND ( 'NONE', #1149, .T. ) ;
#5 = LINE ( 'NONE', #165, #10 ) ;
#6 = ORIENTED_EDGE ( 'NONE', *, *, #802, .T. ) ;
#7 = CARTESIAN_POINT ( 'NONE',  ( 30.00000000000000000, -96.00000000000000000, 10.50000101328118163 ) ) ;
#8 = DIRECTION ( 'NONE',  ( 1.156482311573604782E-16, -1.000000000000000000, -6.123233995736766036E-17 ) ) ;
#9 = ORIENTED_EDGE ( 'NONE', *, *, #1084, .F. ) ;
#10 = VECTOR ( 'NONE', #781, 1000.000000000000000 ) ;
#11 = VECTOR ( 'NONE', #1777, 1000.000000000000000 ) ;
#12 = FACE_OUTER_BOUND ( 'NONE', #1177, .T. ) ;
#13 = EDGE_CURVE ( 'NONE', #186, #944, #1082, .T. ) ;
#14 = VERTEX_POINT ( 'NONE', #161 ) ;
#15 = CARTESIAN_POINT ( 'NONE',  ( -30.00000000000165201, -104.0000000000000142, 10.50000101328118163 ) ) ;
#16 = FACE_BOUND ( 'NONE', #456, .T. ) ;
#17 = ADVANCED_FACE ( 'NONE', ( #1395 ), #1097, .F. ) ;
#18 = ORIENTED_EDGE ( 'NONE', *, *, #557, .T. ) ;
#19 = CARTESIAN_POINT ( 'NONE',  ( -16.00000000000000000, -77.00000000000000000, 10.50000101328118163 ) ) ;
#20 = VECTOR ( 'NONE', #1371, 1000.000000000000000 ) ;
#21 = DIRECTION ( 'NONE',  ( -1.156482311573604782E-16, 1.000000000000000000, 6.123233995736766036E-17 ) ) ;
#22 = AXIS2_PLACEMENT_3D ( 'NONE', #1003, #1355, #1789 ) ;
#23 = EDGE_LOOP ( 'NONE', ( #842, #270, #1119, #1991, #973, #91 ) ) ;
#24 = DIRECTION ( 'NONE',  ( 0.000000000000000000, 0.000000000000000000, 1.000000000000000000 ) ) ;
#25 = FACE_OUTER_BOUND ( 'NONE', #1356, .T. ) ;
#26 = EDGE_LOOP ( 'NONE', ( #730, #1490 ) ) ;
#27 = EDGE_LOOP ( 'NONE', ( #464, #1815, #746, #1528 ) ) ;
#28 = EDGE_CURVE ( 'NONE', #657, #921, #439, .T. ) ;
#29 = CARTESIAN_POINT ( 'NONE',  ( 11.00000000000002309, -62.49999999999998579, 135.5000010132811781 ) ) ;
#30 = CARTESIAN_POINT ( 'NONE',  ( 30.00000014900966150, -52.49999999999997868, 10.50000101328118163 ) ) ;
#31 = ORIENTED_EDGE ( 'NONE', *, *, #141, .T. ) ;
#32 = ORIENTED_EDGE ( 'NONE', *, *, #1576, .T. ) ;
#33 = LINE ( 'NONE', #1820, #641 ) ;
#34 = EDGE_CURVE ( 'NONE', #1993, #474, #1106, .T. ) ;
#35 = DIRECTION ( 'NONE',  ( -1.156482311573604782E-16, 1.000000000000000000, 0.000000000000000000 ) ) ;
#36 = DIRECTION ( 'NONE',  ( -0.000000000000000000, -0.000000000000000000, -1.000000000000000000 ) ) ;
#37 = DIRECTION ( 'NONE',  ( -0.000000000000000000, -0.000000000000000000, -1.000000000000000000 ) ) ;
#38 = ORIENTED_EDGE ( 'NONE', *, *, #1692, .F. ) ;
#39 = CARTESIAN_POINT ( 'NONE',  ( -17.49999999999996447, -87.00000000000001421, 10.50000101328118163 ) ) ;
#40 = DIRECTION ( 'NONE',  ( 0.000000000000000000, 0.000000000000000000, 1.000000000000000000 ) ) ;
#41 =( LENGTH_UNIT ( ) NAMED_UNIT ( * ) SI_UNIT ( .MILLI., .METRE. ) );
#42 = EDGE_CURVE ( 'NONE', #389, #1365, #1039, .T. ) ;
#43 = CARTESIAN_POINT ( 'NONE',  ( 30.00000000000000000, -100.0000000000000000, 10.50000101328118163 ) ) ;
#44 = DIRECTION ( 'NONE',  ( -1.000000000000000000, 0.000000000000000000, 0.000000000000000000 ) ) ;
#45 = AXIS2_PLACEMENT_3D ( 'NONE', #1341, #1969, #869 ) ;
#46 = ORIENTED_EDGE ( 'NONE', *, *, #361, .T. ) ;
#47 = CARTESIAN_POINT ( 'NONE',  ( -16.00000000000000000, -123.0000000000000000, 10.50000101328118163 ) ) ;
#48 = CARTESIAN_POINT ( 'NONE',  ( -30.00000000000000000, -130.0000000000000000, 10.50000101328118163 ) ) ;
#49 = ORIENTED_EDGE ( 'NONE', *, *, #163, .T. ) ;
#50 = VECTOR ( 'NONE', #955, 1000.000000000000000 ) ;
#51 = VECTOR ( 'NONE', #52, 1000.000000000000000 ) ;
#52 = DIRECTION ( 'NONE',  ( -0.000000000000000000, -0.000000000000000000, -1.000000000000000000 ) ) ;
#53 = DIRECTION ( 'NONE',  ( 0.000000000000000000, 0.000000000000000000, 1.000000000000000000 ) ) ;
#54 = MECHANICAL_DESIGN_GEOMETRIC_PRESENTATION_REPRESENTATION (  '', ( #629 ), #1588 ) ;
#55 = ADVANCED_FACE ( 'NONE', ( #1268 ), #1883, .F. ) ;
#56 = VECTOR ( 'NONE', #1598, 1000.000000000000000 ) ;
#57 = CYLINDRICAL_SURFACE ( 'NONE', #1799, 4.174999999999999822 ) ;
#58 = CARTESIAN_POINT ( 'NONE',  ( 35.00000014900969347, -96.00000000000000000, 10.50000101328118163 ) ) ;
#59 = ORIENTED_EDGE ( 'NONE', *, *, #779, .T. ) ;
#60 = LINE ( 'NONE', #81, #1514 ) ;
#61 = EDGE_CURVE ( 'NONE', #1591, #1304, #845, .T. ) ;
#62 = CARTESIAN_POINT ( 'NONE',  ( 30.00000000000000000, -100.0000000000000000, 10.50000101328118163 ) ) ;
#63 = ORIENTED_EDGE ( 'NONE', *, *, #663, .T. ) ;
#64 = LINE ( 'NONE', #1297, #51 ) ;
#65 = LINE ( 'NONE', #684, #1440 ) ;
#66 = LINE ( 'NONE', #1145, #1013 ) ;
#67 = AXIS2_PLACEMENT_3D ( 'NONE', #357, #826, #538 ) ;
#68 = EDGE_CURVE ( 'NONE', #463, #624, #1757, .T. ) ;
#69 = ORIENTED_EDGE ( 'NONE', *, *, #1692, .T. ) ;
#70 = CARTESIAN_POINT ( 'NONE',  ( -30.00000000000000000, -130.0000000000000000, 0.5000010132811816277 ) ) ;
#71 = ORIENTED_EDGE ( 'NONE', *, *, #264, .F. ) ;
#72 = CARTESIAN_POINT ( 'NONE',  ( 5.124108498168404436E-15, -52.49999999999998579, 115.5000010132811781 ) ) ;
#73 = EDGE_LOOP ( 'NONE', ( #1805, #1491 ) ) ;
#74 = AXIS2_PLACEMENT_3D ( 'NONE', #636, #1236, #1416 ) ;
#75 = EDGE_CURVE ( 'NONE', #1502, #518, #388, .T. ) ;
#76 = ORIENTED_EDGE ( 'NONE', *, *, #837, .F. ) ;
#77 = CYLINDRICAL_SURFACE ( 'NONE', #580, 4.999999999999997335 ) ;
#78 = DIRECTION ( 'NONE',  ( 1.000000000000000000, 0.000000000000000000, 0.000000000000000000 ) ) ;
#79 = CARTESIAN_POINT ( 'NONE',  ( 30.00000000000000000, -130.0000000000000000, 10.50000101328118163 ) ) ;
#80 = ORIENTED_EDGE ( 'NONE', *, *, #1867, .F. ) ;
#81 = CARTESIAN_POINT ( 'NONE',  ( -22.50000000000000000, -92.00000000000004263, 10.50000101328118163 ) ) ;
#82 = ORIENTED_EDGE ( 'NONE', *, *, #1141, .F. ) ;
#83 = ORIENTED_EDGE ( 'NONE', *, *, #980, .T. ) ;
#84 = AXIS2_PLACEMENT_3D ( 'NONE', #1237, #919, #930 ) ;
#85 = ORIENTED_EDGE ( 'NONE', *, *, #906, .F. ) ;
#86 = EDGE_CURVE ( 'NONE', #105, #983, #984, .T. ) ;
#87 = CIRCLE ( 'NONE', #1463, 2.500000000000002220 ) ;
#88 = FACE_OUTER_BOUND ( 'NONE', #23, .T. ) ;
#89 = DIRECTION ( 'NONE',  ( 0.000000000000000000, 0.000000000000000000, 1.000000000000000000 ) ) ;
#90 = CARTESIAN_POINT ( 'NONE',  ( -30.00000014901131351, -52.49999999999998579, 10.50000101328118163 ) ) ;
#91 = ORIENTED_EDGE ( 'NONE', *, *, #1391, .F. ) ;
#92 = CARTESIAN_POINT ( 'NONE',  ( -27.49999999999999645, -70.00000000000000000, 10.50000101328118163 ) ) ;
#93 = CIRCLE ( 'NONE', #162, 4.999999999999997335 ) ;
#94 = EDGE_LOOP ( 'NONE', ( #1548, #1459, #1010, #9 ) ) ;
#95 = VERTEX_POINT ( 'NONE', #996 ) ;
#96 = CARTESIAN_POINT ( 'NONE',  ( 35.00000014900969347, -132.4999999999999716, 0.5000010132811816277 ) ) ;
#97 = EDGE_LOOP ( 'NONE', ( #607, #1925 ) ) ;
#98 = ADVANCED_FACE ( 'NONE', ( #1913 ), #377, .F. ) ;
#99 = CARTESIAN_POINT ( 'NONE',  ( 11.00000000000002132, -62.49999999999998579, 127.5000010132811781 ) ) ;
#100 = ADVANCED_FACE ( 'NONE', ( #1279 ), #1125, .F. ) ;
#101 = DIRECTION ( 'NONE',  ( 1.893161728691032465E-16, -7.572646914764129615E-17, 1.000000000000000000 ) ) ;
#102 = CARTESIAN_POINT ( 'NONE',  ( 4.175000000000006040, -62.49999999999998579, 115.5000010132811781 ) ) ;
#103 = ORIENTED_EDGE ( 'NONE', *, *, #1794, .T. ) ;
#104 = DIRECTION ( 'NONE',  ( -0.000000000000000000, -0.000000000000000000, -1.000000000000000000 ) ) ;
#105 = VERTEX_POINT ( 'NONE', #245 ) ;
#106 = EDGE_LOOP ( 'NONE', ( #554, #1458 ) ) ;
#107 = CYLINDRICAL_SURFACE ( 'NONE', #248, 2.500000000000002220 ) ;
#108 = DIRECTION ( 'NONE',  ( 0.000000000000000000, 0.000000000000000000, 1.000000000000000000 ) ) ;
#109 = DIRECTION ( 'NONE',  ( -1.156482311573604782E-16, 1.000000000000000000, 6.123233995736766036E-17 ) ) ;
#110 = EDGE_CURVE ( 'NONE', #1366, #1509, #1573, .T. ) ;
#111 = DIRECTION ( 'NONE',  ( -1.000000000000000000, 0.000000000000000000, 0.000000000000000000 ) ) ;
#112 = DIRECTION ( 'NONE',  ( -1.000000000000000000, 0.000000000000000000, 0.000000000000000000 ) ) ;
#113 = ORIENTED_EDGE ( 'NONE', *, *, #1472, .T. ) ;
#114 = CARTESIAN_POINT ( 'NONE',  ( 35.00000014900969347, -132.4999999999999716, 10.50000101328118163 ) ) ;
#115 = ORIENTED_EDGE ( 'NONE', *, *, #337, .T. ) ;
#116 = ORIENTED_EDGE ( 'NONE', *, *, #125, .T. ) ;
#117 = DIRECTION ( 'NONE',  ( 1.000000000000000000, -0.000000000000000000, -0.000000000000000000 ) ) ;
#118 = DIRECTION ( 'NONE',  ( -1.000000000000000000, -0.000000000000000000, -0.000000000000000000 ) ) ;
#119 = VECTOR ( 'NONE', #1988, 1000.000000000000000 ) ;
#120 = VECTOR ( 'NONE', #1834, 1000.000000000000000 ) ;
#121 = CARTESIAN_POINT ( 'NONE',  ( -4.174999999999993605, -62.49999999999998579, 115.5000010132811781 ) ) ;
#122 = VECTOR ( 'NONE', #1150, 1000.000000000000000 ) ;
#123 = DIRECTION ( 'NONE',  ( 1.000000000000000000, 0.000000000000000000, 0.000000000000000000 ) ) ;
#124 = CARTESIAN_POINT ( 'NONE',  ( 30.00000000000000000, -96.00000000000000000, 10.50000101328118163 ) ) ;
#125 = EDGE_CURVE ( 'NONE', #657, #1560, #1117, .T. ) ;
#126 = ORIENTED_EDGE ( 'NONE', *, *, #125, .F. ) ;
#127 = EDGE_LOOP ( 'NONE', ( #349, #722, #309, #481 ) ) ;
#128 = VERTEX_POINT ( 'NONE', #1006 ) ;
#129 = CARTESIAN_POINT ( 'NONE',  ( 35.00000014900969347, -104.0000000000000142, 10.50000101328118163 ) ) ;
#130 = EDGE_CURVE ( 'NONE', #1325, #238, #917, .T. ) ;
#131 = DIRECTION ( 'NONE',  ( 1.156482311573604782E-16, -1.000000000000000000, -6.123233995736766036E-17 ) ) ;
#132 = AXIS2_PLACEMENT_3D ( 'NONE', #1664, #134, #404 ) ;
#133 = LINE ( 'NONE', #1473, #672 ) ;
#134 = DIRECTION ( 'NONE',  ( 0.000000000000000000, 1.000000000000000000, -0.000000000000000000 ) ) ;
#135 =( NAMED_UNIT ( * ) PLANE_ANGLE_UNIT ( ) SI_UNIT ( $, .RADIAN. ) );
#136 = EDGE_LOOP ( 'NONE', ( #1292, #59, #840, #952 ) ) ;
#137 = AXIS2_PLACEMENT_3D ( 'NONE', #200, #53, #353 ) ;
#138 = ORIENTED_EDGE ( 'NONE', *, *, #1207, .F. ) ;
#139 = DIRECTION ( 'NONE',  ( 0.000000000000000000, 0.000000000000000000, 1.000000000000000000 ) ) ;
#140 = CARTESIAN_POINT ( 'NONE',  ( 19.00000000000002487, -62.49999999999998579, 127.5000010132811781 ) ) ;
#141 = EDGE_CURVE ( 'NONE', #508, #246, #860, .T. ) ;
#142 = AXIS2_PLACEMENT_3D ( 'NONE', #915, #609, #1974 ) ;
#143 = CARTESIAN_POINT ( 'NONE',  ( 30.00000014900970058, -132.4999999999999716, 0.5000010132811816277 ) ) ;
#144 = AXIS2_PLACEMENT_3D ( 'NONE', #47, #1147, #1456 ) ;
#145 = DIRECTION ( 'NONE',  ( -1.156482311573604782E-16, 1.000000000000000000, 6.123233995736766036E-17 ) ) ;
#146 = DIRECTION ( 'NONE',  ( -1.000000000000000000, 0.000000000000000000, 0.000000000000000000 ) ) ;
#147 = VERTEX_POINT ( 'NONE', #226 ) ;
#148 = VERTEX_POINT ( 'NONE', #550 ) ;
#149 = DIRECTION ( 'NONE',  ( -1.000000000000000000, 0.000000000000000000, 0.000000000000000000 ) ) ;
#150 = CARTESIAN_POINT ( 'NONE',  ( 3.700743279851356183E-15, -52.49999999999997868, 20.50000101328118163 ) ) ;
#151 = VECTOR ( 'NONE', #466, 1000.000000000000000 ) ;
#152 = EDGE_CURVE ( 'NONE', #944, #678, #846, .T. ) ;
#153 = CARTESIAN_POINT ( 'NONE',  ( -22.50000000000000000, -92.00000000000004263, 0.5000010132811816277 ) ) ;
#154 = VECTOR ( 'NONE', #37, 1000.000000000000000 ) ;
#155 = DIRECTION ( 'NONE',  ( -1.156482311573604782E-16, 1.000000000000000000, 6.123233995736766036E-17 ) ) ;
#156 = CIRCLE ( 'NONE', #414, 4.000000000000003553 ) ;
#157 = VERTEX_POINT ( 'NONE', #1447 ) ;
#158 = CIRCLE ( 'NONE', #1022, 6.500000000000000888 ) ;
#159 = DIRECTION ( 'NONE',  ( -0.000000000000000000, -0.000000000000000000, -1.000000000000000000 ) ) ;
#160 = FACE_BOUND ( 'NONE', #240, .T. ) ;
#161 = CARTESIAN_POINT ( 'NONE',  ( -9.500000000000000000, -77.00000000000000000, 10.50000101328118163 ) ) ;
#162 = AXIS2_PLACEMENT_3D ( 'NONE', #1497, #911, #582 ) ;
#163 = EDGE_CURVE ( 'NONE', #1032, #688, #1467, .T. ) ;
#164 = CARTESIAN_POINT ( 'NONE',  ( -27.49999999999999645, -130.0000000000000000, 10.50000101328118163 ) ) ;
#165 = CARTESIAN_POINT ( 'NONE',  ( -9.500000000000000000, -123.0000000000000000, 10.50000101328118163 ) ) ;
#166 = ORIENTED_EDGE ( 'NONE', *, *, #1419, .F. ) ;
#167 = CARTESIAN_POINT ( 'NONE',  ( 17.49999999999996803, -87.00000000000001421, 10.50000101328118163 ) ) ;
#168 = CARTESIAN_POINT ( 'NONE',  ( 17.49999999999997158, -113.0000000000000000, 10.50000101328118163 ) ) ;
#169 = ORIENTED_EDGE ( 'NONE', *, *, #1306, .T. ) ;
#170 = ORIENTED_EDGE ( 'NONE', *, *, #522, .F. ) ;
#171 = COLOUR_RGB ( '',1.000000000000000000, 1.000000000000000000, 1.000000000000000000 ) ;
#172 = VECTOR ( 'NONE', #1195, 1000.000000000000000 ) ;
#173 = CLOSED_SHELL ( 'NONE', ( #703, #1072, #1849, #249, #17, #546, #969, #1627, #55, #292, #98, #1629, #1846, #277, #592, #289, #1484, #442, #1319, #1209, #603, #428, #1280, #1703, #1293, #1255, #1775, #1739, #360, #1102, #1405, #929, #1234, #335, #207, #1704, #276, #716, #1093, #1568, #1549, #1798, #1101, #1196, #1024, #577, #487, #427, #1597, #476, #821, #1381, #1918, #1128, #1182, #1256, #100 ) ) ;
#174 =( NAMED_UNIT ( * ) PLANE_ANGLE_UNIT ( ) SI_UNIT ( $, .RADIAN. ) );
#175 = ORIENTED_EDGE ( 'NONE', *, *, #613, .T. ) ;
#176 = EDGE_CURVE ( 'NONE', #359, #699, #192, .T. ) ;
#177 = CARTESIAN_POINT ( 'NONE',  ( 30.00000014900966150, -52.49999999999997868, 10.50000101328118163 ) ) ;
#178 = DIRECTION ( 'NONE',  ( -1.000000000000000000, 0.000000000000000000, 0.000000000000000000 ) ) ;
#179 = EDGE_LOOP ( 'NONE', ( #1295, #1659, #574, #1938 ) ) ;
#180 = ORIENTED_EDGE ( 'NONE', *, *, #384, .F. ) ;
#181 = CIRCLE ( 'NONE', #1524, 7.999999999999998224 ) ;
#182 = DIRECTION ( 'NONE',  ( -0.000000000000000000, -0.000000000000000000, -1.000000000000000000 ) ) ;
#183 = CARTESIAN_POINT ( 'NONE',  ( 11.00000000000002132, -62.49999999999998579, 127.5000010132811781 ) ) ;
#184 = CIRCLE ( 'NONE', #824, 4.174999999999999822 ) ;
#185 = EDGE_CURVE ( 'NONE', #1560, #1667, #878, .T. ) ;
#186 = VERTEX_POINT ( 'NONE', #214 ) ;
#187 = CARTESIAN_POINT ( 'NONE',  ( -30.00000000000000000, -130.0000000000000000, 0.5000010132811816277 ) ) ;
#188 = CARTESIAN_POINT ( 'NONE',  ( -16.00000000000000000, -77.00000000000000000, 0.5000010132811816277 ) ) ;
#189 = EDGE_CURVE ( 'NONE', #1982, #1383, #1129, .T. ) ;
#190 = AXIS2_PLACEMENT_3D ( 'NONE', #266, #1801, #567 ) ;
#191 = CARTESIAN_POINT ( 'NONE',  ( 6.280590809742008972E-15, -62.49999999999998579, 115.5000010132811781 ) ) ;
#192 = CIRCLE ( 'NONE', #1547, 2.500000000000002220 ) ;
#193 = CARTESIAN_POINT ( 'NONE',  ( -18.99999999999997868, -52.49999999999998579, 127.5000010132811781 ) ) ;
#194 = CARTESIAN_POINT ( 'NONE',  ( -3.498886639676106913, -52.49999999999998579, 113.2221912576834910 ) ) ;
#195 = ORIENTED_EDGE ( 'NONE', *, *, #1369, .F. ) ;
#196 = VERTEX_POINT ( 'NONE', #1436 ) ;
#197 = DIRECTION ( 'NONE',  ( -1.000000000000000000, 0.000000000000000000, 0.000000000000000000 ) ) ;
#198 = EDGE_CURVE ( 'NONE', #931, #573, #60, .T. ) ;
#199 = FACE_OUTER_BOUND ( 'NONE', #1300, .T. ) ;
#200 = CARTESIAN_POINT ( 'NONE',  ( 0.000000000000000000, 0.000000000000000000, 0.000000000000000000 ) ) ;
#201 = CARTESIAN_POINT ( 'NONE',  ( 6.280590809742008972E-15, -62.49999999999998579, 115.5000010132811781 ) ) ;
#202 = CYLINDRICAL_SURFACE ( 'NONE', #1143, 6.500000000000002665 ) ;
#203 = VERTEX_POINT ( 'NONE', #966 ) ;
#204 = CARTESIAN_POINT ( 'NONE',  ( -35.00000014901134904, -104.0000000000000142, 10.50000101328118163 ) ) ;
#205 = DIRECTION ( 'NONE',  ( 0.000000000000000000, 0.000000000000000000, 1.000000000000000000 ) ) ;
#206 = ORIENTED_EDGE ( 'NONE', *, *, #369, .F. ) ;
#207 = ADVANCED_FACE ( 'NONE', ( #676 ), #1289, .F. ) ;
#208 = EDGE_CURVE ( 'NONE', #1847, #624, #893, .T. ) ;
#209 = VECTOR ( 'NONE', #149, 1000.000000000000000 ) ;
#210 = DIRECTION ( 'NONE',  ( 1.156482311573604782E-16, -1.000000000000000000, -6.123233995736766036E-17 ) ) ;
#211 = CARTESIAN_POINT ( 'NONE',  ( -30.00000000000165201, -104.0000000000000142, 10.50000101328118163 ) ) ;
#212 = VECTOR ( 'NONE', #279, 1000.000000000000000 ) ;
#213 = ORIENTED_EDGE ( 'NONE', *, *, #189, .F. ) ;
#214 = CARTESIAN_POINT ( 'NONE',  ( -17.49999999999996447, -87.00000000000001421, 10.50000101328118163 ) ) ;
#215 = LINE ( 'NONE', #1303, #1690 ) ;
#216 = ORIENTED_EDGE ( 'NONE', *, *, #303, .F. ) ;
#217 = CIRCLE ( 'NONE', #1406, 5.000000000000002665 ) ;
#218 = CIRCLE ( 'NONE', #1274, 4.174999999999999822 ) ;
#219 =( NAMED_UNIT ( * ) SI_UNIT ( $, .STERADIAN. ) SOLID_ANGLE_UNIT ( ) );
#220 = EDGE_CURVE ( 'NONE', #678, #148, #1344, .T. ) ;
#221 = EDGE_CURVE ( 'NONE', #283, #157, #562, .T. ) ;
#222 = VECTOR ( 'NONE', #932, 1000.000000000000000 ) ;
#223 = DIRECTION ( 'NONE',  ( 0.000000000000000000, 0.000000000000000000, 1.000000000000000000 ) ) ;
#224 = FACE_OUTER_BOUND ( 'NONE', #825, .T. ) ;
#225 = VERTEX_POINT ( 'NONE', #269 ) ;
#226 = CARTESIAN_POINT ( 'NONE',  ( 32.50000000000000000, -70.00000000000000000, 0.5000010132811816277 ) ) ;
#227 = ORIENTED_EDGE ( 'NONE', *, *, #1361, .F. ) ;
#228 = DIRECTION ( 'NONE',  ( -1.156482311573604782E-16, 1.000000000000000000, 6.123233995736766036E-17 ) ) ;
#229 = ORIENTED_EDGE ( 'NONE', *, *, #653, .F. ) ;
#230 = ORIENTED_EDGE ( 'NONE', *, *, #34, .T. ) ;
#231 = PLANE ( 'NONE',  #739 ) ;
#232 = CARTESIAN_POINT ( 'NONE',  ( 3.498886639676120680, -52.49999999999998579, 113.2221912576834910 ) ) ;
#233 = CARTESIAN_POINT ( 'NONE',  ( -22.50000000000000000, -123.0000000000000000, 0.5000010132811816277 ) ) ;
#234 = AXIS2_PLACEMENT_3D ( 'NONE', #620, #1840, #1662 ) ;
#235 = EDGE_CURVE ( 'NONE', #239, #1531, #1791, .T. ) ;
#236 = ORIENTED_EDGE ( 'NONE', *, *, #1004, .F. ) ;
#237 = CARTESIAN_POINT ( 'NONE',  ( -32.50000000000000000, -70.00000000000000000, 10.50000101328118163 ) ) ;
#238 = VERTEX_POINT ( 'NONE', #1634 ) ;
#239 = VERTEX_POINT ( 'NONE', #114 ) ;
#240 = EDGE_LOOP ( 'NONE', ( #849, #1633 ) ) ;
#241 = LINE ( 'NONE', #441, #326 ) ;
#242 = DIRECTION ( 'NONE',  ( -0.000000000000000000, -0.000000000000000000, -1.000000000000000000 ) ) ;
#243 = FACE_OUTER_BOUND ( 'NONE', #1166, .T. ) ;
#244 = EDGE_LOOP ( 'NONE', ( #1854, #1837 ) ) ;
#245 = CARTESIAN_POINT ( 'NONE',  ( 35.00000014900969347, -96.00000000000000000, 10.50000101328118163 ) ) ;
#246 = VERTEX_POINT ( 'NONE', #407 ) ;
#247 = VERTEX_POINT ( 'NONE', #1191 ) ;
#248 = AXIS2_PLACEMENT_3D ( 'NONE', #1349, #1316, #723 ) ;
#249 = ADVANCED_FACE ( 'NONE', ( #1041 ), #1647, .F. ) ;
#250 = LINE ( 'NONE', #1626, #1373 ) ;
#251 = EDGE_CURVE ( 'NONE', #521, #446, #843, .T. ) ;
#252 = AXIS2_PLACEMENT_3D ( 'NONE', #1894, #1449, #1582 ) ;
#253 = VECTOR ( 'NONE', #991, 1000.000000000000000 ) ;
#254 = LINE ( 'NONE', #545, #122 ) ;
#255 = LINE ( 'NONE', #868, #1616 ) ;
#256 = CARTESIAN_POINT ( 'NONE',  ( 11.00000000000002132, -52.49999999999998579, 135.5000010132811781 ) ) ;
#257 = EDGE_LOOP ( 'NONE', ( #175, #1148, #829, #398 ) ) ;
#258 = CARTESIAN_POINT ( 'NONE',  ( 5.124108498168404436E-15, -52.49999999999998579, 115.5000010132811781 ) ) ;
#259 = CIRCLE ( 'NONE', #705, 2.500000000000002220 ) ;
#260 = ORIENTED_EDGE ( 'NONE', *, *, #264, .T. ) ;
#261 = ORIENTED_EDGE ( 'NONE', *, *, #1921, .T. ) ;
#262 = DIRECTION ( 'NONE',  ( 1.000000000000000000, 0.000000000000000000, 0.000000000000000000 ) ) ;
#263 = DIRECTION ( 'NONE',  ( -0.000000000000000000, -0.000000000000000000, -1.000000000000000000 ) ) ;
#264 = EDGE_CURVE ( 'NONE', #1488, #1685, #1030, .T. ) ;
#265 = CARTESIAN_POINT ( 'NONE',  ( 11.00000000000001954, -52.49999999999998579, 127.5000010132811781 ) ) ;
#266 = CARTESIAN_POINT ( 'NONE',  ( -5.174999999999992717, -62.49999999999998579, 112.1310249076965704 ) ) ;
#267 = CYLINDRICAL_SURFACE ( 'NONE', #1527, 5.000000000000002665 ) ;
#268 = ORIENTED_EDGE ( 'NONE', *, *, #1115, .T. ) ;
#269 = CARTESIAN_POINT ( 'NONE',  ( -17.49999999999996447, -113.0000000000000000, 10.50000101328118163 ) ) ;
#270 = ORIENTED_EDGE ( 'NONE', *, *, #992, .F. ) ;
#271 = ORIENTED_EDGE ( 'NONE', *, *, #412, .T. ) ;
#272 = AXIS2_PLACEMENT_3D ( 'NONE', #150, #1226, #1054 ) ;
#273 = CARTESIAN_POINT ( 'NONE',  ( 22.50000000000000711, -92.00000000000004263, 0.5000010132811816277 ) ) ;
#274 = CARTESIAN_POINT ( 'NONE',  ( -30.00000000000000000, -130.0000000000000000, 10.50000101328118163 ) ) ;
#275 = CARTESIAN_POINT ( 'NONE',  ( 35.00000014900969347, -96.00000000000000000, 10.50000101328118163 ) ) ;
#276 = ADVANCED_FACE ( 'NONE', ( #1489 ), #433, .F. ) ;
#277 = ADVANCED_FACE ( 'NONE', ( #281 ), #749, .T. ) ;
#278 = DIRECTION ( 'NONE',  ( -0.000000000000000000, -0.000000000000000000, -1.000000000000000000 ) ) ;
#279 = DIRECTION ( 'NONE',  ( -1.156482311573604782E-16, 1.000000000000000000, 6.123233995736766036E-17 ) ) ;
#280 = ORIENTED_EDGE ( 'NONE', *, *, #557, .F. ) ;
#281 = FACE_OUTER_BOUND ( 'NONE', #408, .T. ) ;
#282 = ORIENTED_EDGE ( 'NONE', *, *, #1351, .F. ) ;
#283 = VERTEX_POINT ( 'NONE', #1512 ) ;
#284 = CARTESIAN_POINT ( 'NONE',  ( 35.00000014900969347, -132.4999999999999432, 10.50000101328118163 ) ) ;
#285 = DIRECTION ( 'NONE',  ( -1.000000000000000000, 0.000000000000000000, 0.000000000000000000 ) ) ;
#286 = CIRCLE ( 'NONE', #953, 5.000000000000000888 ) ;
#287 = CIRCLE ( 'NONE', #1272, 6.500000000000002665 ) ;
#288 = DIRECTION ( 'NONE',  ( -0.000000000000000000, -1.000000000000000000, -0.000000000000000000 ) ) ;
#289 = ADVANCED_FACE ( 'NONE', ( #1951 ), #591, .T. ) ;
#290 = PLANE ( 'NONE',  #830 ) ;
#291 = ORIENTED_EDGE ( 'NONE', *, *, #412, .F. ) ;
#292 = ADVANCED_FACE ( 'NONE', ( #1651 ), #1796, .F. ) ;
#293 = ORIENTED_EDGE ( 'NONE', *, *, #948, .T. ) ;
#294 = ORIENTED_EDGE ( 'NONE', *, *, #1500, .T. ) ;
#295 = CARTESIAN_POINT ( 'NONE',  ( -35.00000014901134904, -132.4999999999999432, 0.5000010132811816277 ) ) ;
#296 = LINE ( 'NONE', #468, #1261 ) ;
#297 = CARTESIAN_POINT ( 'NONE',  ( 16.00000000000000000, -123.0000000000000000, 0.5000010132811816277 ) ) ;
#298 = DIRECTION ( 'NONE',  ( -1.156482311573604782E-16, 1.000000000000000000, 6.123233995736766036E-17 ) ) ;
#299 = LINE ( 'NONE', #1825, #120 ) ;
#300 = ORIENTED_EDGE ( 'NONE', *, *, #653, .T. ) ;
#301 = ORIENTED_EDGE ( 'NONE', *, *, #1909, .T. ) ;
#302 = LINE ( 'NONE', #1845, #209 ) ;
#303 = EDGE_CURVE ( 'NONE', #1666, #1124, #1417, .T. ) ;
#304 = CARTESIAN_POINT ( 'NONE',  ( 32.50000000000000000, -70.00000000000000000, 10.50000101328118163 ) ) ;
#305 = LINE ( 'NONE', #469, #1055 ) ;
#306 = CARTESIAN_POINT ( 'NONE',  ( 17.49999999999996803, -87.00000000000001421, 10.50000101328118163 ) ) ;
#307 = DIRECTION ( 'NONE',  ( 1.000000000000000000, -0.000000000000000000, -0.000000000000000000 ) ) ;
#308 = ORIENTED_EDGE ( 'NONE', *, *, #1168, .T. ) ;
#309 = ORIENTED_EDGE ( 'NONE', *, *, #75, .T. ) ;
#310 = CARTESIAN_POINT ( 'NONE',  ( -22.50000000000000000, -92.00000000000004263, 10.50000101328118163 ) ) ;
#311 = CARTESIAN_POINT ( 'NONE',  ( -30.00000014901134904, -57.49999999999997868, 10.50000101328118163 ) ) ;
#312 = ORIENTED_EDGE ( 'NONE', *, *, #496, .F. ) ;
#313 = EDGE_CURVE ( 'NONE', #147, #1756, #788, .T. ) ;
#314 = EDGE_CURVE ( 'NONE', #528, #1666, #1505, .T. ) ;
#315 = DIRECTION ( 'NONE',  ( 0.000000000000000000, 0.000000000000000000, 1.000000000000000000 ) ) ;
#316 = AXIS2_PLACEMENT_3D ( 'NONE', #1935, #405, #583 ) ;
#317 = CARTESIAN_POINT ( 'NONE',  ( 9.499999999999998224, -123.0000000000000000, 10.50000101328118163 ) ) ;
#318 = DIRECTION ( 'NONE',  ( -1.893161728691032465E-16, 0.000000000000000000, -1.000000000000000000 ) ) ;
#319 = AXIS2_PLACEMENT_3D ( 'NONE', #1875, #460, #1671 ) ;
#320 = VERTEX_POINT ( 'NONE', #140 ) ;
#321 = AXIS2_PLACEMENT_3D ( 'NONE', #265, #109, #1353 ) ;
#322 = CARTESIAN_POINT ( 'NONE',  ( 30.00000014900966150, -52.49999999999997868, 0.5000010132811816277 ) ) ;
#323 = DIRECTION ( 'NONE',  ( -1.156482311573604782E-16, 1.000000000000000000, 6.123233995736766036E-17 ) ) ;
#324 = ORIENTED_EDGE ( 'NONE', *, *, #221, .F. ) ;
#325 = ORIENTED_EDGE ( 'NONE', *, *, #313, .T. ) ;
#326 = VECTOR ( 'NONE', #740, 1000.000000000000000 ) ;
#327 = VECTOR ( 'NONE', #993, 1000.000000000000000 ) ;
#328 = EDGE_CURVE ( 'NONE', #1032, #508, #1199, .T. ) ;
#329 = PRESENTATION_STYLE_ASSIGNMENT (( #753 ) ) ;
#330 = VERTEX_POINT ( 'NONE', #1034 ) ;
#331 = DIRECTION ( 'NONE',  ( 1.092739197465705287E-16, 5.463695987328526437E-17, -1.000000000000000000 ) ) ;
#332 = CARTESIAN_POINT ( 'NONE',  ( 35.00000014900969347, -96.00000000000000000, 0.5000010132811816277 ) ) ;
#333 = ORIENTED_EDGE ( 'NONE', *, *, #1859, .T. ) ;
#334 = ORIENTED_EDGE ( 'NONE', *, *, #208, .F. ) ;
#335 = ADVANCED_FACE ( 'NONE', ( #601 ), #1830, .F. ) ;
#336 = AXIS2_PLACEMENT_3D ( 'NONE', #366, #1926, #519 ) ;
#337 = EDGE_CURVE ( 'NONE', #247, #549, #681, .T. ) ;
#338 = FACE_OUTER_BOUND ( 'NONE', #179, .T. ) ;
#339 = LINE ( 'NONE', #332, #1881 ) ;
#340 = ORIENTED_EDGE ( 'NONE', *, *, #726, .F. ) ;
#341 = ORIENTED_EDGE ( 'NONE', *, *, #802, .F. ) ;
#342 = DIRECTION ( 'NONE',  ( -1.000000000000000000, 0.000000000000000000, 0.000000000000000000 ) ) ;
#343 = VECTOR ( 'NONE', #643, 1000.000000000000000 ) ;
#344 = CARTESIAN_POINT ( 'NONE',  ( 30.00000000000000000, -70.00000000000000000, 10.50000101328118163 ) ) ;
#345 = CYLINDRICAL_SURFACE ( 'NONE', #979, 4.000000000000003553 ) ;
#346 = AXIS2_PLACEMENT_3D ( 'NONE', #489, #36, #1698 ) ;
#347 = EDGE_CURVE ( 'NONE', #399, #1912, #898, .T. ) ;
#348 = VERTEX_POINT ( 'NONE', #304 ) ;
#349 = ORIENTED_EDGE ( 'NONE', *, *, #1218, .F. ) ;
#350 = CARTESIAN_POINT ( 'NONE',  ( -17.50000000000000000, -92.00000000000001421, 10.50000101328118163 ) ) ;
#351 = AXIS2_PLACEMENT_3D ( 'NONE', #1329, #89, #123 ) ;
#352 = DIRECTION ( 'NONE',  ( 0.000000000000000000, -6.123233995736766036E-17, 1.000000000000000000 ) ) ;
#353 = DIRECTION ( 'NONE',  ( 1.000000000000000000, 0.000000000000000000, 0.000000000000000000 ) ) ;
#354 = CARTESIAN_POINT ( 'NONE',  ( -30.00000000000000000, -130.0000000000000000, 10.50000101328118163 ) ) ;
#355 = DIRECTION ( 'NONE',  ( -0.000000000000000000, -0.000000000000000000, -1.000000000000000000 ) ) ;
#356 = VERTEX_POINT ( 'NONE', #907 ) ;
#357 = CARTESIAN_POINT ( 'NONE',  ( 17.50000000000000355, -108.0000000000000000, 10.50000101328118163 ) ) ;
#358 = DIRECTION ( 'NONE',  ( -1.000000000000000000, 0.000000000000000000, 0.000000000000000000 ) ) ;
#359 = VERTEX_POINT ( 'NONE', #1965 ) ;
#360 = ADVANCED_FACE ( 'NONE', ( #1520 ), #767, .F. ) ;
#361 = EDGE_CURVE ( 'NONE', #1366, #1488, #1363, .T. ) ;
#362 = SURFACE_STYLE_FILL_AREA ( #961 ) ;
#363 = CARTESIAN_POINT ( 'NONE',  ( -30.00000000000000000, -70.00000000000000000, 0.5000010132811816277 ) ) ;
#364 = CARTESIAN_POINT ( 'NONE',  ( -35.00000014901134904, -96.00000000000000000, 10.50000101328118163 ) ) ;
#365 = ORIENTED_EDGE ( 'NONE', *, *, #1712, .T. ) ;
#366 = CARTESIAN_POINT ( 'NONE',  ( -3.175000000000009592, -62.49999999999997868, 20.50000101328118518 ) ) ;
#367 = LINE ( 'NONE', #828, #1309 ) ;
#368 = ORIENTED_EDGE ( 'NONE', *, *, #1535, .T. ) ;
#369 = EDGE_CURVE ( 'NONE', #238, #1325, #1605, .T. ) ;
#370 = EDGE_CURVE ( 'NONE', #1499, #1479, #296, .T. ) ;
#371 = CARTESIAN_POINT ( 'NONE',  ( 19.00000000000002487, -52.49999999999998579, 127.5000010132811781 ) ) ;
#372 = VECTOR ( 'NONE', #155, 1000.000000000000000 ) ;
#373 = DIRECTION ( 'NONE',  ( -0.000000000000000000, 0.000000000000000000, -1.000000000000000000 ) ) ;
#374 = DIRECTION ( 'NONE',  ( -0.000000000000000000, -0.000000000000000000, -1.000000000000000000 ) ) ;
#375 = CIRCLE ( 'NONE', #316, 6.500000000000000888 ) ;
#376 = ORIENTED_EDGE ( 'NONE', *, *, #361, .F. ) ;
#377 = CYLINDRICAL_SURFACE ( 'NONE', #1907, 4.000000000000003553 ) ;
#378 = ORIENTED_EDGE ( 'NONE', *, *, #1412, .T. ) ;
#379 = DIRECTION ( 'NONE',  ( -1.156482311573604782E-16, 1.000000000000000000, 6.123233995736766036E-17 ) ) ;
#380 = ORIENTED_EDGE ( 'NONE', *, *, #726, .T. ) ;
#381 = ORIENTED_EDGE ( 'NONE', *, *, #34, .F. ) ;
#382 = VECTOR ( 'NONE', #1065, 1000.000000000000000 ) ;
#383 = CARTESIAN_POINT ( 'NONE',  ( 22.50000000000000711, -92.00000000000004263, 10.50000101328118163 ) ) ;
#384 = EDGE_CURVE ( 'NONE', #330, #1768, #999, .T. ) ;
#385 = DIRECTION ( 'NONE',  ( 0.000000000000000000, 0.000000000000000000, 1.000000000000000000 ) ) ;
#386 = LINE ( 'NONE', #364, #410 ) ;
#387 = ORIENTED_EDGE ( 'NONE', *, *, #771, .F. ) ;
#388 = LINE ( 'NONE', #1592, #759 ) ;
#389 = VERTEX_POINT ( 'NONE', #875 ) ;
#390 = ORIENTED_EDGE ( 'NONE', *, *, #1823, .T. ) ;
#391 = CARTESIAN_POINT ( 'NONE',  ( -22.50000000000000355, -107.9999999999999716, 10.50000101328118163 ) ) ;
#392 = DIRECTION ( 'NONE',  ( -1.000000000000000000, -2.168404344971018236E-16, 0.000000000000000000 ) ) ;
#393 = FACE_BOUND ( 'NONE', #97, .T. ) ;
#394 = AXIS2_PLACEMENT_3D ( 'NONE', #1073, #263, #448 ) ;
#395 = ORIENTED_EDGE ( 'NONE', *, *, #977, .F. ) ;
#396 = DIRECTION ( 'NONE',  ( -1.000000000000000000, 0.000000000000000000, 0.000000000000000000 ) ) ;
#397 = EDGE_CURVE ( 'NONE', #1600, #1981, #1672, .T. ) ;
#398 = ORIENTED_EDGE ( 'NONE', *, *, #1445, .T. ) ;
#399 = VERTEX_POINT ( 'NONE', #1561 ) ;
#400 = MANIFOLD_SOLID_BREP ( '凸台-拉伸2', #173 ) ;
#401 = DIRECTION ( 'NONE',  ( 0.000000000000000000, 0.000000000000000000, 1.000000000000000000 ) ) ;
#402 = VERTEX_POINT ( 'NONE', #371 ) ;
#403 = FACE_OUTER_BOUND ( 'NONE', #945, .T. ) ;
#404 = DIRECTION ( 'NONE',  ( 0.000000000000000000, 0.000000000000000000, 1.000000000000000000 ) ) ;
#405 = DIRECTION ( 'NONE',  ( 0.000000000000000000, 0.000000000000000000, 1.000000000000000000 ) ) ;
#406 = ORIENTED_EDGE ( 'NONE', *, *, #748, .F. ) ;
#407 = CARTESIAN_POINT ( 'NONE',  ( -27.49999999999999645, -70.00000000000000000, 0.5000010132811816277 ) ) ;
#408 = EDGE_LOOP ( 'NONE', ( #786, #571, #795, #1446 ) ) ;
#409 = ORIENTED_EDGE ( 'NONE', *, *, #877, .T. ) ;
#410 = VECTOR ( 'NONE', #972, 1000.000000000000000 ) ;
#411 = DIRECTION ( 'NONE',  ( 0.000000000000000000, 0.000000000000000000, 1.000000000000000000 ) ) ;
#412 = EDGE_CURVE ( 'NONE', #225, #1982, #1131, .T. ) ;
#413 = ORIENTED_EDGE ( 'NONE', *, *, #1151, .F. ) ;
#414 = AXIS2_PLACEMENT_3D ( 'NONE', #62, #1737, #1904 ) ;
#415 = AXIS2_PLACEMENT_3D ( 'NONE', #876, #1172, #1617 ) ;
#416 = CARTESIAN_POINT ( 'NONE',  ( -22.50000000000000355, -107.9999999999999716, 10.50000101328118163 ) ) ;
#417 = FACE_OUTER_BOUND ( 'NONE', #1451, .T. ) ;
#418 = CARTESIAN_POINT ( 'NONE',  ( 17.50000000000000355, -108.0000000000000000, 10.50000101328118163 ) ) ;
#419 = AXIS2_PLACEMENT_3D ( 'NONE', #801, #1107, #197 ) ;
#420 = EDGE_LOOP ( 'NONE', ( #861, #700 ) ) ;
#421 = CARTESIAN_POINT ( 'NONE',  ( 35.00000014900969347, -132.4999999999999716, 10.50000101328118163 ) ) ;
#422 = CIRCLE ( 'NONE', #1471, 4.000000000000003553 ) ;
#423 = ORIENTED_EDGE ( 'NONE', *, *, #1521, .T. ) ;
#424 = VERTEX_POINT ( 'NONE', #1441 ) ;
#425 = CARTESIAN_POINT ( 'NONE',  ( 35.00000014900969347, -104.0000000000000142, 10.50000101328118163 ) ) ;
#426 = DIRECTION ( 'NONE',  ( -0.000000000000000000, -0.000000000000000000, -1.000000000000000000 ) ) ;
#427 = ADVANCED_FACE ( 'NONE', ( #1273 ), #231, .T. ) ;
#428 = ADVANCED_FACE ( 'NONE', ( #494 ), #77, .T. ) ;
#429 = CARTESIAN_POINT ( 'NONE',  ( -16.00000000000000000, -123.0000000000000000, 0.5000010132811816277 ) ) ;
#430 = CARTESIAN_POINT ( 'NONE',  ( -35.00000014901134904, -96.00000000000000000, 10.50000101328118163 ) ) ;
#431 = DIRECTION ( 'NONE',  ( -0.000000000000000000, -0.000000000000000000, -1.000000000000000000 ) ) ;
#432 = ORIENTED_EDGE ( 'NONE', *, *, #748, .T. ) ;
#433 = CYLINDRICAL_SURFACE ( 'NONE', #523, 6.499999999999999112 ) ;
#434 = ORIENTED_EDGE ( 'NONE', *, *, #1836, .F. ) ;
#435 = ORIENTED_EDGE ( 'NONE', *, *, #235, .T. ) ;
#436 = AXIS2_PLACEMENT_3D ( 'NONE', #1377, #108, #758 ) ;
#437 = PLANE ( 'NONE',  #1242 ) ;
#438 = CARTESIAN_POINT ( 'NONE',  ( 11.00000000000002132, -52.49999999999998579, 135.5000010132811781 ) ) ;
#439 = CIRCLE ( 'NONE', #1812, 2.500000000000002220 ) ;
#440 = EDGE_CURVE ( 'NONE', #389, #800, #64, .T. ) ;
#441 = CARTESIAN_POINT ( 'NONE',  ( 22.50000000000000355, -77.00000000000000000, 10.50000101328118163 ) ) ;
#442 = ADVANCED_FACE ( 'NONE', ( #831 ), #693, .F. ) ;
#443 = CARTESIAN_POINT ( 'NONE',  ( 27.49999999999999645, -70.00000000000000000, 10.50000101328118163 ) ) ;
#444 = ORIENTED_EDGE ( 'NONE', *, *, #613, .F. ) ;
#445 = ORIENTED_EDGE ( 'NONE', *, *, #198, .T. ) ;
#446 = VERTEX_POINT ( 'NONE', #1720 ) ;
#447 = CARTESIAN_POINT ( 'NONE',  ( 9.499999999999998224, -77.00000000000000000, 10.50000101328118163 ) ) ;
#448 = DIRECTION ( 'NONE',  ( 1.000000000000000000, 0.000000000000000000, 0.000000000000000000 ) ) ;
#449 = VECTOR ( 'NONE', #1382, 1000.000000000000000 ) ;
#450 = CARTESIAN_POINT ( 'NONE',  ( -32.50000000000000000, -70.00000000000000000, 0.5000010132811816277 ) ) ;
#451 = VECTOR ( 'NONE', #1706, 1000.000000000000000 ) ;
#452 = EDGE_CURVE ( 'NONE', #196, #1448, #985, .T. ) ;
#453 = DIRECTION ( 'NONE',  ( -1.000000000000000000, 0.000000000000000000, 0.000000000000000000 ) ) ;
#454 = CARTESIAN_POINT ( 'NONE',  ( 30.00000000000000000, -104.0000000000000142, 10.50000101328118163 ) ) ;
#455 = ORIENTED_EDGE ( 'NONE', *, *, #1306, .F. ) ;
#456 = EDGE_LOOP ( 'NONE', ( #206, #1959 ) ) ;
#457 = CARTESIAN_POINT ( 'NONE',  ( 22.50000000000000355, -77.00000000000000000, 0.5000010132811816277 ) ) ;
#458 = AXIS2_PLACEMENT_3D ( 'NONE', #167, #1384, #465 ) ;
#459 = DIRECTION ( 'NONE',  ( 1.000000000000000000, 0.000000000000000000, 0.000000000000000000 ) ) ;
#460 = DIRECTION ( 'NONE',  ( 0.000000000000000000, 0.000000000000000000, 1.000000000000000000 ) ) ;
#461 = DIRECTION ( 'NONE',  ( -8.195543980992789655E-17, -5.463695987328526437E-17, 1.000000000000000000 ) ) ;
#462 = EDGE_CURVE ( 'NONE', #128, #1435, #1100, .T. ) ;
#463 = VERTEX_POINT ( 'NONE', #1596 ) ;
#464 = ORIENTED_EDGE ( 'NONE', *, *, #634, .T. ) ;
#465 = DIRECTION ( 'NONE',  ( 0.000000000000000000, -0.000000000000000000, -1.000000000000000000 ) ) ;
#466 = DIRECTION ( 'NONE',  ( -0.000000000000000000, -0.000000000000000000, -1.000000000000000000 ) ) ;
#467 = EDGE_CURVE ( 'NONE', #1803, #1710, #218, .T. ) ;
#468 = CARTESIAN_POINT ( 'NONE',  ( 30.00000000000000000, -104.0000000000000142, 10.50000101328118163 ) ) ;
#469 = CARTESIAN_POINT ( 'NONE',  ( 3.174999999999990496, -62.49999999999997868, 20.50000101328118518 ) ) ;
#470 = LINE ( 'NONE', #317, #1952 ) ;
#471 = VERTEX_POINT ( 'NONE', #803 ) ;
#472 = CARTESIAN_POINT ( 'NONE',  ( 27.49999999999999645, -70.00000000000000000, 10.50000101328118163 ) ) ;
#473 = LINE ( 'NONE', #1839, #343 ) ;
#474 = VERTEX_POINT ( 'NONE', #1263 ) ;
#475 = DIRECTION ( 'NONE',  ( -1.000000000000000000, 0.000000000000000000, 0.000000000000000000 ) ) ;
#476 = ADVANCED_FACE ( 'NONE', ( #1711 ), #502, .T. ) ;
#477 = VECTOR ( 'NONE', #742, 1000.000000000000000 ) ;
#478 = PRODUCT_DEFINITION_SHAPE ( 'NONE', 'NONE',  #1877 ) ;
#479 =( NAMED_UNIT ( * ) SI_UNIT ( $, .STERADIAN. ) SOLID_ANGLE_UNIT ( ) );
#480 = VECTOR ( 'NONE', #159, 1000.000000000000000 ) ;
#481 = ORIENTED_EDGE ( 'NONE', *, *, #517, .F. ) ;
#482 = CIRCLE ( 'NONE', #1350, 6.500000000000000888 ) ;
#483 = CARTESIAN_POINT ( 'NONE',  ( -27.49999999999999645, -130.0000000000000000, 10.50000101328118163 ) ) ;
#484 = FACE_BOUND ( 'NONE', #73, .T. ) ;
#485 = EDGE_LOOP ( 'NONE', ( #1105, #1658, #1134, #1213 ) ) ;
#486 = DIRECTION ( 'NONE',  ( -0.000000000000000000, -0.000000000000000000, -1.000000000000000000 ) ) ;
#487 = ADVANCED_FACE ( 'NONE', ( #199 ), #812, .T. ) ;
#488 = EDGE_CURVE ( 'NONE', #203, #1457, #1785, .T. ) ;
#489 = CARTESIAN_POINT ( 'NONE',  ( -30.00000000000000000, -70.00000000000000000, 10.50000101328118163 ) ) ;
#490 = CYLINDRICAL_SURFACE ( 'NONE', #1211, 5.000000000000000888 ) ;
#491 = ORIENTED_EDGE ( 'NONE', *, *, #544, .F. ) ;
#492 = DIRECTION ( 'NONE',  ( 0.000000000000000000, 0.000000000000000000, 1.000000000000000000 ) ) ;
#493 = AXIS2_PLACEMENT_3D ( 'NONE', #1819, #131, #1064 ) ;
#494 = FACE_OUTER_BOUND ( 'NONE', #1625, .T. ) ;
#495 = AXIS2_PLACEMENT_3D ( 'NONE', #1858, #486, #396 ) ;
#496 = EDGE_CURVE ( 'NONE', #851, #1873, #482, .T. ) ;
#497 = DIRECTION ( 'NONE',  ( -0.000000000000000000, -0.000000000000000000, -1.000000000000000000 ) ) ;
#498 = FACE_OUTER_BOUND ( 'NONE', #1517, .T. ) ;
#499 = ORIENTED_EDGE ( 'NONE', *, *, #347, .T. ) ;
#500 = ORIENTED_EDGE ( 'NONE', *, *, #1724, .T. ) ;
#501 = CARTESIAN_POINT ( 'NONE',  ( -30.00000000000165201, -96.00000000000000000, 0.5000010132811816277 ) ) ;
#502 = PLANE ( 'NONE',  #1183 ) ;
#503 = VECTOR ( 'NONE', #736, 1000.000000000000000 ) ;
#504 = EDGE_CURVE ( 'NONE', #573, #148, #1954, .T. ) ;
#505 = CARTESIAN_POINT ( 'NONE',  ( 35.00000014900969347, -132.4999999999999432, 0.5000010132811816277 ) ) ;
#506 = DIRECTION ( 'NONE',  ( -0.000000000000000000, -0.000000000000000000, -1.000000000000000000 ) ) ;
#507 = VECTOR ( 'NONE', #942, 1000.000000000000000 ) ;
#508 = VERTEX_POINT ( 'NONE', #1607 ) ;
#509 = DIRECTION ( 'NONE',  ( -1.000000000000000000, 0.000000000000000000, 0.000000000000000000 ) ) ;
#510 = VECTOR ( 'NONE', #1483, 1000.000000000000000 ) ;
#511 = DIRECTION ( 'NONE',  ( -0.000000000000000000, -0.000000000000000000, -1.000000000000000000 ) ) ;
#512 = VERTEX_POINT ( 'NONE', #121 ) ;
#513 = AXIS2_PLACEMENT_3D ( 'NONE', #1655, #1057, #1788 ) ;
#514 =( NAMED_UNIT ( * ) PLANE_ANGLE_UNIT ( ) SI_UNIT ( $, .RADIAN. ) );
#515 = CYLINDRICAL_SURFACE ( 'NONE', #1538, 2.000000000000000000 ) ;
#516 = DIRECTION ( 'NONE',  ( -1.000000000000000000, -1.156482311573605029E-16, 0.000000000000000000 ) ) ;
#517 = EDGE_CURVE ( 'NONE', #1545, #518, #158, .T. ) ;
#518 = VERTEX_POINT ( 'NONE', #1942 ) ;
#519 = DIRECTION ( 'NONE',  ( 1.893161728691032465E-16, 0.000000000000000000, 1.000000000000000000 ) ) ;
#520 = DIRECTION ( 'NONE',  ( 1.000000000000000000, 0.000000000000000000, 0.000000000000000000 ) ) ;
#521 = VERTEX_POINT ( 'NONE', #887 ) ;
#522 = EDGE_CURVE ( 'NONE', #1912, #402, #1186, .T. ) ;
#523 = AXIS2_PLACEMENT_3D ( 'NONE', #1477, #104, #1017 ) ;
#524 = DIRECTION ( 'NONE',  ( -1.000000000000000000, 0.000000000000000000, 0.000000000000000000 ) ) ;
#525 = CARTESIAN_POINT ( 'NONE',  ( 30.00000000000000000, -96.00000000000000000, 0.5000010132811816277 ) ) ;
#526 = ORIENTED_EDGE ( 'NONE', *, *, #370, .T. ) ;
#527 = DIRECTION ( 'NONE',  ( -0.000000000000000000, -0.000000000000000000, -1.000000000000000000 ) ) ;
#528 = VERTEX_POINT ( 'NONE', #1800 ) ;
#529 = DIRECTION ( 'NONE',  ( 1.000000000000000000, 0.000000000000000000, 0.000000000000000000 ) ) ;
#530 = VERTEX_POINT ( 'NONE', #1000 ) ;
#531 = EDGE_CURVE ( 'NONE', #463, #389, #133, .T. ) ;
#532 = CARTESIAN_POINT ( 'NONE',  ( 30.00000000000000000, -104.0000000000000142, 10.50000101328118163 ) ) ;
#533 = VECTOR ( 'NONE', #905, 1000.000000000000000 ) ;
#534 = PLANE ( 'NONE',  #1562 ) ;
#535 = CARTESIAN_POINT ( 'NONE',  ( 30.00000014900966150, -137.4999999999999716, 0.5000010132811816277 ) ) ;
#536 = AXIS2_PLACEMENT_3D ( 'NONE', #183, #648, #1590 ) ;
#537 = EDGE_LOOP ( 'NONE', ( #455, #216, #1374, #1778, #1905, #1314, #340, #1610 ) ) ;
#538 = DIRECTION ( 'NONE',  ( 1.000000000000000000, 0.000000000000000000, 0.000000000000000000 ) ) ;
#539 = EDGE_LOOP ( 'NONE', ( #1939, #1861 ) ) ;
#540 = DIRECTION ( 'NONE',  ( -1.000000000000000000, 0.000000000000000000, 0.000000000000000000 ) ) ;
#541 = ORIENTED_EDGE ( 'NONE', *, *, #1141, .T. ) ;
#542 = AXIS2_PLACEMENT_3D ( 'NONE', #1407, #24, #1251 ) ;
#543 = ORIENTED_EDGE ( 'NONE', *, *, #1061, .F. ) ;
#544 = EDGE_CURVE ( 'NONE', #1743, #1600, #241, .T. ) ;
#545 = CARTESIAN_POINT ( 'NONE',  ( 30.00000000000000000, -104.0000000000000142, 0.5000010132811816277 ) ) ;
#546 = ADVANCED_FACE ( 'NONE', ( #403 ), #1318, .F. ) ;
#547 = DIRECTION ( 'NONE',  ( 1.000000000000000000, 0.000000000000000000, 0.000000000000000000 ) ) ;
#548 = FACE_BOUND ( 'NONE', #721, .T. ) ;
#549 = VERTEX_POINT ( 'NONE', #1185 ) ;
#550 = CARTESIAN_POINT ( 'NONE',  ( -22.50000000000000355, -107.9999999999999716, 0.5000010132811816277 ) ) ;
#551 = ORIENTED_EDGE ( 'NONE', *, *, #809, .T. ) ;
#552 = VERTEX_POINT ( 'NONE', #855 ) ;
#553 = CARTESIAN_POINT ( 'NONE',  ( 16.00000000000000000, -77.00000000000000000, 10.50000101328118163 ) ) ;
#554 = ORIENTED_EDGE ( 'NONE', *, *, #176, .T. ) ;
#555 = VECTOR ( 'NONE', #1696, 1000.000000000000000 ) ;
#556 = CARTESIAN_POINT ( 'NONE',  ( 16.00000000000000000, -77.00000000000000000, 10.50000101328118163 ) ) ;
#557 = EDGE_CURVE ( 'NONE', #1595, #1700, #1691, .T. ) ;
#558 = DIRECTION ( 'NONE',  ( 0.000000000000000000, 1.000000000000000000, 0.000000000000000000 ) ) ;
#559 = DIRECTION ( 'NONE',  ( -0.000000000000000000, -0.000000000000000000, -1.000000000000000000 ) ) ;
#560 = AXIS2_PLACEMENT_3D ( 'NONE', #70, #1581, #850 ) ;
#561 = ORIENTED_EDGE ( 'NONE', *, *, #902, .T. ) ;
#562 = LINE ( 'NONE', #1178, #11 ) ;
#563 = ORIENTED_EDGE ( 'NONE', *, *, #1906, .T. ) ;
#564 = ORIENTED_EDGE ( 'NONE', *, *, #1264, .F. ) ;
#565 = CARTESIAN_POINT ( 'NONE',  ( -10.99999999999997691, -62.49999999999998579, 127.5000010132811781 ) ) ;
#566 = CARTESIAN_POINT ( 'NONE',  ( 17.49999999999997158, -113.0000000000000000, 0.5000010132811816277 ) ) ;
#567 = DIRECTION ( 'NONE',  ( -1.000000000000000000, 0.000000000000000000, 0.000000000000000000 ) ) ;
#568 = LINE ( 'NONE', #1924, #1245 ) ;
#569 = AXIS2_PLACEMENT_3D ( 'NONE', #1076, #145, #614 ) ;
#570 = EDGE_CURVE ( 'NONE', #1288, #713, #1652, .T. ) ;
#571 = ORIENTED_EDGE ( 'NONE', *, *, #1781, .F. ) ;
#572 = DIRECTION ( 'NONE',  ( -1.000000000000000000, 0.000000000000000000, 0.000000000000000000 ) ) ;
#573 = VERTEX_POINT ( 'NONE', #416 ) ;
#574 = ORIENTED_EDGE ( 'NONE', *, *, #916, .T. ) ;
#575 = AXIS2_PLACEMENT_3D ( 'NONE', #728, #1465, #1645 ) ;
#576 = CARTESIAN_POINT ( 'NONE',  ( 17.49999999999996803, -113.0000000000000000, 0.5000010132811816277 ) ) ;
#577 = ADVANCED_FACE ( 'NONE', ( #899, #88 ), #1025, .T. ) ;
#578 = CARTESIAN_POINT ( 'NONE',  ( 30.00000000000000000, -70.00000000000000000, 0.5000010132811816277 ) ) ;
#579 = CIRCLE ( 'NONE', #319, 2.500000000000002220 ) ;
#580 = AXIS2_PLACEMENT_3D ( 'NONE', #978, #682, #1585 ) ;
#581 = LINE ( 'NONE', #1772, #1533 ) ;
#582 = DIRECTION ( 'NONE',  ( 1.000000000000000000, 0.000000000000000000, 0.000000000000000000 ) ) ;
#583 = DIRECTION ( 'NONE',  ( 1.000000000000000000, 0.000000000000000000, 0.000000000000000000 ) ) ;
#584 = AXIS2_PLACEMENT_3D ( 'NONE', #99, #593, #1035 ) ;
#585 = ORIENTED_EDGE ( 'NONE', *, *, #625, .T. ) ;
#586 = DIRECTION ( 'NONE',  ( -0.000000000000000000, -0.000000000000000000, -1.000000000000000000 ) ) ;
#587 = ORIENTED_EDGE ( 'NONE', *, *, #1197, .F. ) ;
#588 = ORIENTED_EDGE ( 'NONE', *, *, #189, .T. ) ;
#589 = EDGE_CURVE ( 'NONE', #1267, #1124, #581, .T. ) ;
#590 = DIRECTION ( 'NONE',  ( -2.168404344971018236E-16, 1.000000000000000000, -0.000000000000000000 ) ) ;
#591 = CYLINDRICAL_SURFACE ( 'NONE', #756, 5.000000000000000888 ) ;
#592 = ADVANCED_FACE ( 'NONE', ( #1811 ), #1011, .F. ) ;
#593 = DIRECTION ( 'NONE',  ( 1.156482311573604782E-16, -1.000000000000000000, -6.123233995736766036E-17 ) ) ;
#594 = CARTESIAN_POINT ( 'NONE',  ( 30.00000000000000000, -70.00000000000000000, 10.50000101328118163 ) ) ;
#595 = CYLINDRICAL_SURFACE ( 'NONE', #575, 6.499999999999999112 ) ;
#596 = ORIENTED_EDGE ( 'NONE', *, *, #1724, .F. ) ;
#597 = ORIENTED_EDGE ( 'NONE', *, *, #13, .F. ) ;
#598 = ORIENTED_EDGE ( 'NONE', *, *, #625, .F. ) ;
#599 = VECTOR ( 'NONE', #871, 1000.000000000000000 ) ;
#600 = LINE ( 'NONE', #295, #533 ) ;
#601 = FACE_OUTER_BOUND ( 'NONE', #1901, .T. ) ;
#602 = VECTOR ( 'NONE', #816, 1000.000000000000000 ) ;
#603 = ADVANCED_FACE ( 'NONE', ( #1506 ), #1642, .F. ) ;
#604 = DIRECTION ( 'NONE',  ( -0.000000000000000000, -0.000000000000000000, -1.000000000000000000 ) ) ;
#605 = FACE_OUTER_BOUND ( 'NONE', #606, .T. ) ;
#606 = EDGE_LOOP ( 'NONE', ( #368, #324, #596, #551 ) ) ;
#607 = ORIENTED_EDGE ( 'NONE', *, *, #771, .T. ) ;
#608 = CARTESIAN_POINT ( 'NONE',  ( 11.00000000000002132, -62.49999999999998579, 127.5000010132811781 ) ) ;
#609 = DIRECTION ( 'NONE',  ( -0.000000000000000000, -0.000000000000000000, -1.000000000000000000 ) ) ;
#610 = VECTOR ( 'NONE', #702, 1000.000000000000000 ) ;
#611 = DIRECTION ( 'NONE',  ( -0.000000000000000000, -0.000000000000000000, -1.000000000000000000 ) ) ;
#612 = CIRCLE ( 'NONE', #252, 3.174999999999999822 ) ;
#613 = EDGE_CURVE ( 'NONE', #552, #1648, #254, .T. ) ;
#614 = DIRECTION ( 'NONE',  ( -1.000000000000000000, 0.000000000000000000, 0.000000000000000000 ) ) ;
#615 =( NAMED_UNIT ( * ) SI_UNIT ( $, .STERADIAN. ) SOLID_ANGLE_UNIT ( ) );
#616 = ORIENTED_EDGE ( 'NONE', *, *, #220, .F. ) ;
#617 = ORIENTED_EDGE ( 'NONE', *, *, #28, .F. ) ;
#618 = FACE_BOUND ( 'NONE', #420, .T. ) ;
#619 = CIRCLE ( 'NONE', #1058, 5.000000000000000888 ) ;
#620 = CARTESIAN_POINT ( 'NONE',  ( -35.00000014901134904, -132.4999999999999432, 10.50000101328118163 ) ) ;
#621 = CYLINDRICAL_SURFACE ( 'NONE', #1110, 5.000000000000000888 ) ;
#622 = CARTESIAN_POINT ( 'NONE',  ( 3.175000000000007816, -62.49999999999998579, 112.1310249076965704 ) ) ;
#623 = CARTESIAN_POINT ( 'NONE',  ( 35.00000014900969347, -57.50000000000000711, 10.50000101328118163 ) ) ;
#624 = VERTEX_POINT ( 'NONE', #761 ) ;
#625 = EDGE_CURVE ( 'NONE', #238, #1873, #1208, .T. ) ;
#626 = CYLINDRICAL_SURFACE ( 'NONE', #346, 2.500000000000002220 ) ;
#627 = CARTESIAN_POINT ( 'NONE',  ( 9.499999999999998224, -123.0000000000000000, 10.50000101328118163 ) ) ;
#628 = ORIENTED_EDGE ( 'NONE', *, *, #1781, .T. ) ;
#629 = STYLED_ITEM ( 'NONE', ( #1452 ), #400 ) ;
#630 = CARTESIAN_POINT ( 'NONE',  ( -10.99999999999997513, -62.49999999999998579, 135.5000010132811781 ) ) ;
#631 = EDGE_LOOP ( 'NONE', ( #697, #1552, #754, #628 ) ) ;
#632 = DIRECTION ( 'NONE',  ( -1.000000000000000000, 0.000000000000000000, 0.000000000000000000 ) ) ;
#633 = FACE_BOUND ( 'NONE', #1069, .T. ) ;
#634 = EDGE_CURVE ( 'NONE', #157, #1559, #1681, .T. ) ;
#635 = ORIENTED_EDGE ( 'NONE', *, *, #1511, .F. ) ;
#636 = CARTESIAN_POINT ( 'NONE',  ( -30.00000014901134904, -132.4999999999999716, 10.50000101328118163 ) ) ;
#637 = EDGE_CURVE ( 'NONE', #1790, #1531, #1787, .T. ) ;
#638 = CIRCLE ( 'NONE', #679, 2.000000000000000000 ) ;
#639 = CARTESIAN_POINT ( 'NONE',  ( 5.175000000000006040, -52.49999999999998579, 112.1310249076965704 ) ) ;
#640 = EDGE_LOOP ( 'NONE', ( #1864, #1029, #690, #126 ) ) ;
#641 = VECTOR ( 'NONE', #1269, 1000.000000000000000 ) ;
#642 = CARTESIAN_POINT ( 'NONE',  ( -17.50000000000000000, -108.0000000000000000, 0.5000010132811816277 ) ) ;
#643 = DIRECTION ( 'NONE',  ( 1.000000000000000000, -0.000000000000000000, -0.000000000000000000 ) ) ;
#644 = ORIENTED_EDGE ( 'NONE', *, *, #1421, .T. ) ;
#645 = ORIENTED_EDGE ( 'NONE', *, *, #1891, .T. ) ;
#646 = EDGE_CURVE ( 'NONE', #1756, #147, #1439, .T. ) ;
#647 = LINE ( 'NONE', #15, #1586 ) ;
#648 = DIRECTION ( 'NONE',  ( -1.156482311573604782E-16, 1.000000000000000000, 6.123233995736766036E-17 ) ) ;
#649 = EDGE_LOOP ( 'NONE', ( #1565, #563, #49, #1972 ) ) ;
#650 = DIRECTION ( 'NONE',  ( 0.000000000000000000, 0.000000000000000000, 1.000000000000000000 ) ) ;
#651 = DIRECTION ( 'NONE',  ( -1.156482311573604782E-16, 1.000000000000000000, 6.123233995736766036E-17 ) ) ;
#652 = VECTOR ( 'NONE', #720, 1000.000000000000000 ) ;
#653 = EDGE_CURVE ( 'NONE', #1383, #128, #33, .T. ) ;
#654 = DIRECTION ( 'NONE',  ( 0.000000000000000000, -1.000000000000000000, 0.000000000000000000 ) ) ;
#655 = CYLINDRICAL_SURFACE ( 'NONE', #1695, 2.500000000000002220 ) ;
#656 = CYLINDRICAL_SURFACE ( 'NONE', #1748, 5.000000000000000888 ) ;
#657 = VERTEX_POINT ( 'NONE', #1884 ) ;
#658 = VERTEX_POINT ( 'NONE', #1227 ) ;
#659 = CARTESIAN_POINT ( 'NONE',  ( -22.50000000000000000, -123.0000000000000000, 10.50000101328118163 ) ) ;
#660 = VECTOR ( 'NONE', #323, 1000.000000000000000 ) ;
#661 = CIRCLE ( 'NONE', #1784, 4.999999999999997335 ) ;
#662 = EDGE_CURVE ( 'NONE', #1559, #1847, #1956, .T. ) ;
#663 = EDGE_CURVE ( 'NONE', #1435, #530, #1694, .T. ) ;
#664 = DIRECTION ( 'NONE',  ( -1.156482311573604782E-16, 1.000000000000000000, 6.123233995736766036E-17 ) ) ;
#665 = DIRECTION ( 'NONE',  ( 1.000000000000000000, 0.000000000000000000, 0.000000000000000000 ) ) ;
#666 = AXIS2_PLACEMENT_3D ( 'NONE', #987, #228, #677 ) ;
#667 = ORIENTED_EDGE ( 'NONE', *, *, #1602, .F. ) ;
#668 = DIRECTION ( 'NONE',  ( -0.000000000000000000, -0.000000000000000000, -1.000000000000000000 ) ) ;
#669 = AXIS2_PLACEMENT_3D ( 'NONE', #1328, #1337, #1046 ) ;
#670 = CARTESIAN_POINT ( 'NONE',  ( -35.00000014901134904, -132.4999999999999432, 0.5000010132811816277 ) ) ;
#671 = ORIENTED_EDGE ( 'NONE', *, *, #522, .T. ) ;
#672 = VECTOR ( 'NONE', #288, 1000.000000000000000 ) ;
#673 = DIRECTION ( 'NONE',  ( -0.000000000000000000, -0.000000000000000000, -1.000000000000000000 ) ) ;
#674 = CARTESIAN_POINT ( 'NONE',  ( 3.174999999999989164, -52.49999999999997868, 20.50000101328118518 ) ) ;
#675 = ORIENTED_EDGE ( 'NONE', *, *, #1878, .F. ) ;
#676 = FACE_OUTER_BOUND ( 'NONE', #127, .T. ) ;
#677 = DIRECTION ( 'NONE',  ( -1.000000000000000000, 0.000000000000000000, 0.000000000000000000 ) ) ;
#678 = VERTEX_POINT ( 'NONE', #153 ) ;
#679 = AXIS2_PLACEMENT_3D ( 'NONE', #639, #920, #146 ) ;
#680 = EDGE_LOOP ( 'NONE', ( #1357, #282, #378, #1613 ) ) ;
#681 = CIRCLE ( 'NONE', #1809, 6.500000000000002665 ) ;
#682 = DIRECTION ( 'NONE',  ( -0.000000000000000000, -0.000000000000000000, -1.000000000000000000 ) ) ;
#683 = CIRCLE ( 'NONE', #947, 2.500000000000002220 ) ;
#684 = CARTESIAN_POINT ( 'NONE',  ( 22.50000000000000711, -107.9999999999999716, 10.50000101328118163 ) ) ;
#685 = DIRECTION ( 'NONE',  ( -1.000000000000000000, 0.000000000000000000, 0.000000000000000000 ) ) ;
#686 = ORIENTED_EDGE ( 'NONE', *, *, #1977, .T. ) ;
#687 = DIRECTION ( 'NONE',  ( -0.000000000000000000, -0.000000000000000000, -1.000000000000000000 ) ) ;
#688 = VERTEX_POINT ( 'NONE', #450 ) ;
#689 = CARTESIAN_POINT ( 'NONE',  ( 17.50000000000000000, -92.00000000000001421, 10.50000101328118163 ) ) ;
#690 = ORIENTED_EDGE ( 'NONE', *, *, #185, .F. ) ;
#691 = EDGE_LOOP ( 'NONE', ( #1235, #406, #815, #645 ) ) ;
#692 = EDGE_CURVE ( 'NONE', #549, #247, #1112, .T. ) ;
#693 = PLANE ( 'NONE',  #934 ) ;
#694 = CIRCLE ( 'NONE', #1986, 4.174999999999999822 ) ;
#695 = FACE_OUTER_BOUND ( 'NONE', #719, .T. ) ;
#696 = DIRECTION ( 'NONE',  ( 0.000000000000000000, 0.000000000000000000, 1.000000000000000000 ) ) ;
#697 = ORIENTED_EDGE ( 'NONE', *, *, #1693, .T. ) ;
#698 = DIRECTION ( 'NONE',  ( 0.000000000000000000, -1.000000000000000000, 0.000000000000000000 ) ) ;
#699 = VERTEX_POINT ( 'NONE', #1118 ) ;
#700 = ORIENTED_EDGE ( 'NONE', *, *, #1906, .F. ) ;
#701 = CIRCLE ( 'NONE', #1719, 6.500000000000002665 ) ;
#702 = DIRECTION ( 'NONE',  ( -1.156482311573604782E-16, 1.000000000000000000, 6.123233995736766036E-17 ) ) ;
#703 = ADVANCED_FACE ( 'NONE', ( #1380 ), #2, .F. ) ;
#704 = DIRECTION ( 'NONE',  ( 1.000000000000000000, 0.000000000000000000, 0.000000000000000000 ) ) ;
#705 = AXIS2_PLACEMENT_3D ( 'NONE', #847, #1122, #78 ) ;
#706 = CARTESIAN_POINT ( 'NONE',  ( 6.280590809742008972E-15, -62.49999999999998579, 115.5000010132811781 ) ) ;
#707 = CARTESIAN_POINT ( 'NONE',  ( -30.00000000000000000, -70.00000000000000000, 10.50000101328118163 ) ) ;
#708 = ORIENTED_EDGE ( 'NONE', *, *, #544, .T. ) ;
#709 = CARTESIAN_POINT ( 'NONE',  ( 30.00000000000000000, -100.0000000000000000, 10.50000101328118163 ) ) ;
#710 = ORIENTED_EDGE ( 'NONE', *, *, #948, .F. ) ;
#711 = EDGE_LOOP ( 'NONE', ( #333, #1060, #1077, #195 ) ) ;
#712 = DIRECTION ( 'NONE',  ( -0.000000000000000000, -1.000000000000000000, -0.000000000000000000 ) ) ;
#713 = VERTEX_POINT ( 'NONE', #1567 ) ;
#714 = CARTESIAN_POINT ( 'NONE',  ( -16.00000000000000000, -77.00000000000000000, 0.5000010132811816277 ) ) ;
#715 = EDGE_CURVE ( 'NONE', #1358, #873, #1056, .T. ) ;
#716 = ADVANCED_FACE ( 'NONE', ( #1513 ), #621, .F. ) ;
#717 = DIRECTION ( 'NONE',  ( -0.000000000000000000, -0.000000000000000000, -1.000000000000000000 ) ) ;
#718 = FACE_OUTER_BOUND ( 'NONE', #1345, .T. ) ;
#719 = EDGE_LOOP ( 'NONE', ( #957, #1278, #260, #380 ) ) ;
#720 = DIRECTION ( 'NONE',  ( -0.000000000000000000, -0.000000000000000000, -1.000000000000000000 ) ) ;
#721 = EDGE_LOOP ( 'NONE', ( #1334, #325 ) ) ;
#722 = ORIENTED_EDGE ( 'NONE', *, *, #1485, .T. ) ;
#723 = DIRECTION ( 'NONE',  ( -1.000000000000000000, 0.000000000000000000, 0.000000000000000000 ) ) ;
#724 = DIRECTION ( 'NONE',  ( -0.000000000000000000, -0.000000000000000000, -1.000000000000000000 ) ) ;
#725 = DIRECTION ( 'NONE',  ( -1.156482311573604782E-16, 1.000000000000000000, 6.123233995736766036E-17 ) ) ;
#726 = EDGE_CURVE ( 'NONE', #1685, #521, #1431, .T. ) ;
#727 = CARTESIAN_POINT ( 'NONE',  ( 30.00000014900966150, -52.49999999999997868, 10.50000101328118163 ) ) ;
#728 = CARTESIAN_POINT ( 'NONE',  ( -16.00000000000000000, -123.0000000000000000, 10.50000101328118163 ) ) ;
#729 = VECTOR ( 'NONE', #1911, 1000.000000000000000 ) ;
#730 = ORIENTED_EDGE ( 'NONE', *, *, #1275, .F. ) ;
#731 = DIRECTION ( 'NONE',  ( -1.000000000000000000, 0.000000000000000000, 0.000000000000000000 ) ) ;
#732 = EDGE_CURVE ( 'NONE', #246, #688, #579, .T. ) ;
#733 = ORIENTED_EDGE ( 'NONE', *, *, #1074, .F. ) ;
#734 = ORIENTED_EDGE ( 'NONE', *, *, #110, .F. ) ;
#735 = AXIS2_PLACEMENT_3D ( 'NONE', #1230, #1238, #318 ) ;
#736 = DIRECTION ( 'NONE',  ( -0.000000000000000000, -0.000000000000000000, -1.000000000000000000 ) ) ;
#737 = DIRECTION ( 'NONE',  ( 0.000000000000000000, 0.000000000000000000, 1.000000000000000000 ) ) ;
#738 = VECTOR ( 'NONE', #497, 1000.000000000000000 ) ;
#739 = AXIS2_PLACEMENT_3D ( 'NONE', #844, #1121, #35 ) ;
#740 = DIRECTION ( 'NONE',  ( -0.000000000000000000, -0.000000000000000000, -1.000000000000000000 ) ) ;
#741 = DIRECTION ( 'NONE',  ( 0.000000000000000000, 0.000000000000000000, -1.000000000000000000 ) ) ;
#742 = DIRECTION ( 'NONE',  ( 1.000000000000000000, 0.000000000000000000, 0.000000000000000000 ) ) ;
#743 = ORIENTED_EDGE ( 'NONE', *, *, #462, .F. ) ;
#744 = AXIS2_PLACEMENT_3D ( 'NONE', #201, #1589, #1443 ) ;
#745 = ORIENTED_EDGE ( 'NONE', *, *, #1401, .F. ) ;
#746 = ORIENTED_EDGE ( 'NONE', *, *, #1615, .F. ) ;
#747 = LINE ( 'NONE', #1158, #819 ) ;
#748 = EDGE_CURVE ( 'NONE', #873, #1666, #305, .T. ) ;
#749 = CYLINDRICAL_SURFACE ( 'NONE', #142, 4.999999999999997335 ) ;
#750 = DIRECTION ( 'NONE',  ( -0.000000000000000000, -0.000000000000000000, -1.000000000000000000 ) ) ;
#751 = PRODUCT_DEFINITION_FORMATION_WITH_SPECIFIED_SOURCE ( '任何', '', #1228, .NOT_KNOWN. ) ;
#752 = FACE_BOUND ( 'NONE', #537, .T. ) ;
#753 = SURFACE_STYLE_USAGE ( .BOTH. , #789 ) ;
#754 = ORIENTED_EDGE ( 'NONE', *, *, #1921, .F. ) ;
#755 = ORIENTED_EDGE ( 'NONE', *, *, #865, .F. ) ;
#756 = AXIS2_PLACEMENT_3D ( 'NONE', #1215, #1995, #886 ) ;
#757 = CARTESIAN_POINT ( 'NONE',  ( 22.50000000000000355, -123.0000000000000000, 10.50000101328118163 ) ) ;
#758 = DIRECTION ( 'NONE',  ( 1.000000000000000000, 0.000000000000000000, 0.000000000000000000 ) ) ;
#759 = VECTOR ( 'NONE', #1744, 1000.000000000000000 ) ;
#760 = EDGE_CURVE ( 'NONE', #1982, #1457, #1978, .T. ) ;
#761 = CARTESIAN_POINT ( 'NONE',  ( -35.00000014901134904, -104.0000000000000142, 0.5000010132811816277 ) ) ;
#762 = CARTESIAN_POINT ( 'NONE',  ( 22.50000000000000711, -107.9999999999999716, 10.50000101328118163 ) ) ;
#763 = CARTESIAN_POINT ( 'NONE',  ( -18.99999999999998224, -62.49999999999997158, 10.50000101328118163 ) ) ;
#764 = EDGE_LOOP ( 'NONE', ( #1254, #1375, #894, #895 ) ) ;
#765 = ORIENTED_EDGE ( 'NONE', *, *, #110, .T. ) ;
#766 = PLANE ( 'NONE',  #768 ) ;
#767 = PLANE ( 'NONE',  #234 ) ;
#768 = AXIS2_PLACEMENT_3D ( 'NONE', #1089, #1699, #178 ) ;
#769 = DIRECTION ( 'NONE',  ( 1.000000000000000000, 0.000000000000000000, 0.000000000000000000 ) ) ;
#770 = AXIS2_PLACEMENT_3D ( 'NONE', #642, #1550, #1529 ) ;
#771 = EDGE_CURVE ( 'NONE', #518, #1545, #1886, .T. ) ;
#772 = CYLINDRICAL_SURFACE ( 'NONE', #84, 4.000000000000003553 ) ;
#773 = FACE_OUTER_BOUND ( 'NONE', #691, .T. ) ;
#774 = ORIENTED_EDGE ( 'NONE', *, *, #1275, .T. ) ;
#775 = PLANE ( 'NONE',  #458 ) ;
#776 = DIRECTION ( 'NONE',  ( 0.000000000000000000, 0.000000000000000000, 1.000000000000000000 ) ) ;
#777 = AXIS2_PLACEMENT_3D ( 'NONE', #1923, #1741, #373 ) ;
#778 = ORIENTED_EDGE ( 'NONE', *, *, #1061, .T. ) ;
#779 = EDGE_CURVE ( 'NONE', #1595, #699, #1574, .T. ) ;
#780 = LINE ( 'NONE', #164, #20 ) ;
#781 = DIRECTION ( 'NONE',  ( -0.000000000000000000, -0.000000000000000000, -1.000000000000000000 ) ) ;
#782 = ORIENTED_EDGE ( 'NONE', *, *, #452, .F. ) ;
#783 = EDGE_CURVE ( 'NONE', #1648, #330, #863, .T. ) ;
#784 = LINE ( 'NONE', #1855, #738 ) ;
#785 = DIRECTION ( 'NONE',  ( -0.000000000000000000, -0.000000000000000000, -1.000000000000000000 ) ) ;
#786 = ORIENTED_EDGE ( 'NONE', *, *, #1762, .T. ) ;
#787 = DIRECTION ( 'NONE',  ( -0.000000000000000000, -0.000000000000000000, -1.000000000000000000 ) ) ;
#788 = CIRCLE ( 'NONE', #1036, 2.500000000000002220 ) ;
#789 = SURFACE_SIDE_STYLE ('',( #1372 ) ) ;
#790 = ORIENTED_EDGE ( 'NONE', *, *, #589, .T. ) ;
#791 = CARTESIAN_POINT ( 'NONE',  ( 30.00000000000000000, -96.00000000000000000, 0.5000010132811816277 ) ) ;
#792 = DIRECTION ( 'NONE',  ( -1.000000000000000000, 0.000000000000000000, 0.000000000000000000 ) ) ;
#793 = EDGE_CURVE ( 'NONE', #239, #1499, #215, .T. ) ;
#794 = ORIENTED_EDGE ( 'NONE', *, *, #1891, .F. ) ;
#795 = ORIENTED_EDGE ( 'NONE', *, *, #42, .F. ) ;
#796 = VECTOR ( 'NONE', #1104, 1000.000000000000000 ) ;
#797 = FACE_OUTER_BOUND ( 'NONE', #1908, .T. ) ;
#798 = LINE ( 'NONE', #58, #1653 ) ;
#799 = ORIENTED_EDGE ( 'NONE', *, *, #1753, .T. ) ;
#800 = VERTEX_POINT ( 'NONE', #670 ) ;
#801 = CARTESIAN_POINT ( 'NONE',  ( 17.50000000000000000, -92.00000000000001421, 0.5000010132811816277 ) ) ;
#802 = EDGE_CURVE ( 'NONE', #1479, #424, #156, .T. ) ;
#803 = CARTESIAN_POINT ( 'NONE',  ( 22.50000000000000355, -123.0000000000000000, 10.50000101328118163 ) ) ;
#804 = LINE ( 'NONE', #1240, #1187 ) ;
#805 = CARTESIAN_POINT ( 'NONE',  ( 3.498886639676122012, -62.49999999999998579, 113.2221912576834910 ) ) ;
#806 = ORIENTED_EDGE ( 'NONE', *, *, #1712, .F. ) ;
#807 = DIRECTION ( 'NONE',  ( -1.156482311573604782E-16, 1.000000000000000000, 0.000000000000000000 ) ) ;
#808 = CARTESIAN_POINT ( 'NONE',  ( 17.49999999999996803, -113.0000000000000000, 10.50000101328118163 ) ) ;
#809 = EDGE_CURVE ( 'NONE', #1051, #1448, #367, .T. ) ;
#810 = AXIS2_PLACEMENT_3D ( 'NONE', #1482, #737, #1352 ) ;
#811 = EDGE_CURVE ( 'NONE', #512, #1803, #184, .T. ) ;
#812 = PLANE ( 'NONE',  #1379 ) ;
#813 = DIRECTION ( 'NONE',  ( -0.000000000000000000, -0.000000000000000000, -1.000000000000000000 ) ) ;
#814 = PLANE ( 'NONE',  #896 ) ;
#815 = ORIENTED_EDGE ( 'NONE', *, *, #715, .F. ) ;
#816 = DIRECTION ( 'NONE',  ( -1.156482311573604782E-16, 1.000000000000000000, 6.123233995736766036E-17 ) ) ;
#817 = CARTESIAN_POINT ( 'NONE',  ( 3.174999999999990496, -62.49999999999997868, 20.50000101328118518 ) ) ;
#818 = ORIENTED_EDGE ( 'NONE', *, *, #130, .T. ) ;
#819 = VECTOR ( 'NONE', #1973, 1000.000000000000000 ) ;
#820 = AXIS2_PLACEMENT_3D ( 'NONE', #1423, #1277, #1258 ) ;
#821 = ADVANCED_FACE ( 'NONE', ( #1426 ), #1746, .T. ) ;
#822 = CARTESIAN_POINT ( 'NONE',  ( -3.175000000000010925, -52.49999999999997868, 20.50000101328118518 ) ) ;
#823 = CARTESIAN_POINT ( 'NONE',  ( 27.49999999999999645, -130.0000000000000000, 10.50000101328118163 ) ) ;
#824 = AXIS2_PLACEMENT_3D ( 'NONE', #1437, #379, #839 ) ;
#825 = EDGE_LOOP ( 'NONE', ( #1469, #268, #1005, #1827 ) ) ;
#826 = DIRECTION ( 'NONE',  ( 0.000000000000000000, 0.000000000000000000, 1.000000000000000000 ) ) ;
#827 = AXIS2_PLACEMENT_3D ( 'NONE', #275, #1308, #1922 ) ;
#828 = CARTESIAN_POINT ( 'NONE',  ( -35.00000014901134904, -57.50000000000001421, 10.50000101328118163 ) ) ;
#829 = ORIENTED_EDGE ( 'NONE', *, *, #370, .F. ) ;
#830 = AXIS2_PLACEMENT_3D ( 'NONE', #1968, #558, #1486 ) ;
#831 = FACE_OUTER_BOUND ( 'NONE', #257, .T. ) ;
#832 = EDGE_CURVE ( 'NONE', #446, #1157, #1085, .T. ) ;
#833 = CARTESIAN_POINT ( 'NONE',  ( 5.175000000000006928, -62.49999999999998579, 112.1310249076965704 ) ) ;
#834 = DIRECTION ( 'NONE',  ( 0.000000000000000000, 0.000000000000000000, 1.000000000000000000 ) ) ;
#835 = ORIENTED_EDGE ( 'NONE', *, *, #61, .T. ) ;
#836 = DIRECTION ( 'NONE',  ( 0.000000000000000000, 0.000000000000000000, 1.000000000000000000 ) ) ;
#837 = EDGE_CURVE ( 'NONE', #873, #1267, #612, .T. ) ;
#838 = ORIENTED_EDGE ( 'NONE', *, *, #1546, .T. ) ;
#839 = DIRECTION ( 'NONE',  ( -1.000000000000000000, 0.000000000000000000, 0.000000000000000000 ) ) ;
#840 = ORIENTED_EDGE ( 'NONE', *, *, #176, .F. ) ;
#841 = STYLED_ITEM ( 'NONE', ( #329 ), #910 ) ;
#842 = ORIENTED_EDGE ( 'NONE', *, *, #1933, .F. ) ;
#843 = CIRCLE ( 'NONE', #1294, 4.174999999999999822 ) ;
#844 = CARTESIAN_POINT ( 'NONE',  ( 19.00000000000002487, -62.49999999999998579, 127.5000010132811781 ) ) ;
#845 = CIRCLE ( 'NONE', #495, 4.000000000000003553 ) ;
#846 = CIRCLE ( 'NONE', #1979, 5.000000000000000888 ) ;
#847 = CARTESIAN_POINT ( 'NONE',  ( 30.00000000000000000, -70.00000000000000000, 10.50000101328118163 ) ) ;
#848 = DIRECTION ( 'NONE',  ( -1.156482311573604782E-16, 1.000000000000000000, 6.123233995736766036E-17 ) ) ;
#849 = ORIENTED_EDGE ( 'NONE', *, *, #1246, .F. ) ;
#850 = DIRECTION ( 'NONE',  ( 1.000000000000000000, 0.000000000000000000, 0.000000000000000000 ) ) ;
#851 = VERTEX_POINT ( 'NONE', #1291 ) ;
#852 = ORIENTED_EDGE ( 'NONE', *, *, #793, .F. ) ;
#853 = EDGE_CURVE ( 'NONE', #128, #658, #217, .T. ) ;
#854 = ORIENTED_EDGE ( 'NONE', *, *, #1680, .F. ) ;
#855 = CARTESIAN_POINT ( 'NONE',  ( 35.00000014900969347, -104.0000000000000142, 0.5000010132811816277 ) ) ;
#856 = AXIS2_PLACEMENT_3D ( 'NONE', #311, #1519, #923 ) ;
#857 = DIRECTION ( 'NONE',  ( -1.156482311573604782E-16, 1.000000000000000000, 6.123233995736766036E-17 ) ) ;
#858 = FACE_BOUND ( 'NONE', #106, .T. ) ;
#859 = ORIENTED_EDGE ( 'NONE', *, *, #1197, .T. ) ;
#860 = LINE ( 'NONE', #92, #1163 ) ;
#861 = ORIENTED_EDGE ( 'NONE', *, *, #328, .F. ) ;
#862 = ORIENTED_EDGE ( 'NONE', *, *, #1432, .F. ) ;
#863 = CIRCLE ( 'NONE', #1990, 4.000000000000003553 ) ;
#864 = LINE ( 'NONE', #1470, #1557 ) ;
#865 = EDGE_CURVE ( 'NONE', #921, #657, #87, .T. ) ;
#866 = DIRECTION ( 'NONE',  ( 1.156482311573604782E-16, -1.000000000000000000, 0.000000000000000000 ) ) ;
#867 = AXIS2_PLACEMENT_3D ( 'NONE', #594, #1507, #1340 ) ;
#868 = CARTESIAN_POINT ( 'NONE',  ( -3.175000000000010925, -52.49999999999997868, 20.50000101328118518 ) ) ;
#869 = DIRECTION ( 'NONE',  ( 1.000000000000000000, 0.000000000000000000, 0.000000000000000000 ) ) ;
#870 = ORIENTED_EDGE ( 'NONE', *, *, #452, .T. ) ;
#871 = DIRECTION ( 'NONE',  ( 0.000000000000000000, -1.000000000000000000, 0.000000000000000000 ) ) ;
#872 = ORIENTED_EDGE ( 'NONE', *, *, #634, .F. ) ;
#873 = VERTEX_POINT ( 'NONE', #817 ) ;
#874 = FACE_OUTER_BOUND ( 'NONE', #1709, .T. ) ;
#875 = CARTESIAN_POINT ( 'NONE',  ( -35.00000014901134904, -132.4999999999999432, 10.50000101328118163 ) ) ;
#876 = CARTESIAN_POINT ( 'NONE',  ( 30.00000000000000000, -130.0000000000000000, 10.50000101328118163 ) ) ;
#877 = EDGE_CURVE ( 'NONE', #931, #678, #1281, .T. ) ;
#878 = CIRCLE ( 'NONE', #560, 2.500000000000002220 ) ;
#879 = PLANE ( 'NONE',  #891 ) ;
#880 = CARTESIAN_POINT ( 'NONE',  ( 30.00000014900966150, -52.49999999999997868, 10.50000101328118163 ) ) ;
#881 = ORIENTED_EDGE ( 'NONE', *, *, #488, .T. ) ;
#882 = DIRECTION ( 'NONE',  ( -1.156482311573604782E-16, 1.000000000000000000, 6.123233995736766036E-17 ) ) ;
#883 = EDGE_LOOP ( 'NONE', ( #1765, #230, #1052, #998, #500, #1936, #835, #1427, #1179, #936, #261, #1544, #1156, #526, #6, #1817, #103, #1136, #1333, #561, #1949 ) ) ;
#884 = ORIENTED_EDGE ( 'NONE', *, *, #662, .F. ) ;
#885 = CARTESIAN_POINT ( 'NONE',  ( 22.50000000000000355, -92.00000000000004263, 0.5000010132811816277 ) ) ;
#886 = DIRECTION ( 'NONE',  ( -1.000000000000000000, 0.000000000000000000, 0.000000000000000000 ) ) ;
#887 = CARTESIAN_POINT ( 'NONE',  ( -4.174999999999994493, -52.49999999999998579, 115.5000010132811781 ) ) ;
#888 = EDGE_CURVE ( 'NONE', #148, #203, #1378, .T. ) ;
#889 = CARTESIAN_POINT ( 'NONE',  ( -3.175000000000009592, -62.49999999999997868, 20.50000101328118518 ) ) ;
#890 = FACE_BOUND ( 'NONE', #244, .T. ) ;
#891 = AXIS2_PLACEMENT_3D ( 'NONE', #727, #1364, #1980 ) ;
#892 = ORIENTED_EDGE ( 'NONE', *, *, #902, .F. ) ;
#893 = LINE ( 'NONE', #1623, #1705 ) ;
#894 = ORIENTED_EDGE ( 'NONE', *, *, #1810, .T. ) ;
#895 = ORIENTED_EDGE ( 'NONE', *, *, #251, .T. ) ;
#896 = AXIS2_PLACEMENT_3D ( 'NONE', #211, #1556, #1579 ) ;
#897 = CARTESIAN_POINT ( 'NONE',  ( -3.498886639676105581, -62.49999999999998579, 113.2221912576834910 ) ) ;
#898 = LINE ( 'NONE', #438, #946 ) ;
#899 = FACE_BOUND ( 'NONE', #1403, .T. ) ;
#900 = CYLINDRICAL_SURFACE ( 'NONE', #990, 2.500000000000002220 ) ;
#901 = DIRECTION ( 'NONE',  ( -0.000000000000000000, -0.000000000000000000, -1.000000000000000000 ) ) ;
#902 = EDGE_CURVE ( 'NONE', #1828, #1288, #1398, .T. ) ;
#903 = EDGE_LOOP ( 'NONE', ( #1931, #341, #686, #1767 ) ) ;
#904 = ORIENTED_EDGE ( 'NONE', *, *, #1287, .T. ) ;
#905 = DIRECTION ( 'NONE',  ( -0.000000000000000000, -1.000000000000000000, -0.000000000000000000 ) ) ;
#906 = EDGE_CURVE ( 'NONE', #1304, #463, #647, .T. ) ;
#907 = CARTESIAN_POINT ( 'NONE',  ( -10.99999999999997513, -62.49999999999998579, 135.5000010132811781 ) ) ;
#908 = DIRECTION ( 'NONE',  ( -1.893161728691032465E-16, 7.572646914764129615E-17, -1.000000000000000000 ) ) ;
#909 = UNCERTAINTY_MEASURE_WITH_UNIT (LENGTH_MEASURE( 1.000000000000000082E-05 ), #1656, 'distance_accuracy_value', 'NONE');
#910 = ADVANCED_BREP_SHAPE_REPRESENTATION ( 'L型支架^ECB80D-L200-S500-R-750W+减速机', ( #400, #137 ), #1866 ) ;
#911 = DIRECTION ( 'NONE',  ( 0.000000000000000000, 0.000000000000000000, 1.000000000000000000 ) ) ;
#912 = ORIENTED_EDGE ( 'NONE', *, *, #1151, .T. ) ;
#913 = ORIENTED_EDGE ( 'NONE', *, *, #980, .F. ) ;
#914 = FACE_OUTER_BOUND ( 'NONE', #883, .T. ) ;
#915 = CARTESIAN_POINT ( 'NONE',  ( -30.00000014901134904, -132.4999999999999716, 10.50000101328118163 ) ) ;
#916 = EDGE_CURVE ( 'NONE', #1305, #1756, #1713, .T. ) ;
#917 = CIRCLE ( 'NONE', #144, 6.500000000000000888 ) ;
#918 = DIRECTION ( 'NONE',  ( 0.000000000000000000, 0.000000000000000000, 1.000000000000000000 ) ) ;
#919 = DIRECTION ( 'NONE',  ( -0.000000000000000000, -0.000000000000000000, -1.000000000000000000 ) ) ;
#920 = DIRECTION ( 'NONE',  ( 1.156482311573604782E-16, -1.000000000000000000, -6.123233995736766036E-17 ) ) ;
#921 = VERTEX_POINT ( 'NONE', #483 ) ;
#922 = FACE_OUTER_BOUND ( 'NONE', #1169, .T. ) ;
#923 = DIRECTION ( 'NONE',  ( -1.000000000000000000, 0.000000000000000000, 0.000000000000000000 ) ) ;
#924 = ORIENTED_EDGE ( 'NONE', *, *, #760, .T. ) ;
#925 = CIRCLE ( 'NONE', #45, 6.500000000000002665 ) ;
#926 = EDGE_CURVE ( 'NONE', #348, #147, #784, .T. ) ;
#927 = DIRECTION ( 'NONE',  ( -1.000000000000000000, 0.000000000000000000, 0.000000000000000000 ) ) ;
#928 = VECTOR ( 'NONE', #1075, 1000.000000000000000 ) ;
#929 = ADVANCED_FACE ( 'NONE', ( #338 ), #1094, .F. ) ;
#930 = DIRECTION ( 'NONE',  ( -1.000000000000000000, 0.000000000000000000, 0.000000000000000000 ) ) ;
#931 = VERTEX_POINT ( 'NONE', #310 ) ;
#932 = DIRECTION ( 'NONE',  ( -1.000000000000000000, -1.156482311573605029E-16, 0.000000000000000000 ) ) ;
#933 = CARTESIAN_POINT ( 'NONE',  ( -30.00000000000165201, -96.00000000000000000, 0.5000010132811816277 ) ) ;
#934 = AXIS2_PLACEMENT_3D ( 'NONE', #532, #654, #1142 ) ;
#935 = VECTOR ( 'NONE', #331, 1000.000000000000000 ) ;
#936 = ORIENTED_EDGE ( 'NONE', *, *, #42, .T. ) ;
#937 = EDGE_LOOP ( 'NONE', ( #434, #280 ) ) ;
#938 = EDGE_CURVE ( 'NONE', #1768, #1776, #1392, .T. ) ;
#939 = EDGE_CURVE ( 'NONE', #699, #359, #1618, .T. ) ;
#940 = LINE ( 'NONE', #623, #1637 ) ;
#941 = ORIENTED_EDGE ( 'NONE', *, *, #1859, .F. ) ;
#942 = DIRECTION ( 'NONE',  ( 1.000000000000000000, 0.000000000000000000, 0.000000000000000000 ) ) ;
#943 = CARTESIAN_POINT ( 'NONE',  ( -32.50000000000000000, -130.0000000000000000, 0.5000010132811816277 ) ) ;
#944 = VERTEX_POINT ( 'NONE', #1862 ) ;
#945 = EDGE_LOOP ( 'NONE', ( #1302, #708, #395, #1624 ) ) ;
#946 = VECTOR ( 'NONE', #1493, 1000.000000000000000 ) ;
#947 = AXIS2_PLACEMENT_3D ( 'NONE', #187, #492, #1244 ) ;
#948 = EDGE_CURVE ( 'NONE', #658, #530, #1103, .T. ) ;
#949 = CARTESIAN_POINT ( 'NONE',  ( 16.00000000000000000, -77.00000000000000000, 0.5000010132811816277 ) ) ;
#950 = CARTESIAN_POINT ( 'NONE',  ( 30.00000014900970058, -57.49999999999997158, 10.50000101328118163 ) ) ;
#951 = ORIENTED_EDGE ( 'NONE', *, *, #809, .F. ) ;
#952 = ORIENTED_EDGE ( 'NONE', *, *, #1421, .F. ) ;
#953 = AXIS2_PLACEMENT_3D ( 'NONE', #1780, #1021, #262 ) ;
#954 = CARTESIAN_POINT ( 'NONE',  ( 11.00000000000002309, -62.49999999999998579, 135.5000010132811781 ) ) ;
#955 = DIRECTION ( 'NONE',  ( -1.000000000000000000, -1.156482311573605029E-16, 0.000000000000000000 ) ) ;
#956 = CARTESIAN_POINT ( 'NONE',  ( 35.00000014900969347, -96.00000000000000000, 0.5000010132811816277 ) ) ;
#957 = ORIENTED_EDGE ( 'NONE', *, *, #1810, .F. ) ;
#958 = ORIENTED_EDGE ( 'NONE', *, *, #1987, .F. ) ;
#959 = DIRECTION ( 'NONE',  ( -1.000000000000000000, 0.000000000000000000, 0.000000000000000000 ) ) ;
#960 = AXIS2_PLACEMENT_3D ( 'NONE', #1210, #298, #111 ) ;
#961 = FILL_AREA_STYLE ('',( #1109 ) ) ;
#962 = SHAPE_DEFINITION_REPRESENTATION ( #478, #910 ) ;
#963 = DIRECTION ( 'NONE',  ( 1.000000000000000000, 0.000000000000000000, 0.000000000000000000 ) ) ;
#964 = CARTESIAN_POINT ( 'NONE',  ( 16.00000000000000000, -77.00000000000000000, 10.50000101328118163 ) ) ;
#965 = VERTEX_POINT ( 'NONE', #193 ) ;
#966 = CARTESIAN_POINT ( 'NONE',  ( -17.49999999999996447, -113.0000000000000000, 0.5000010132811816277 ) ) ;
#967 = CARTESIAN_POINT ( 'NONE',  ( 32.50000000000000000, -130.0000000000000000, 10.50000101328118163 ) ) ;
#968 = ORIENTED_EDGE ( 'NONE', *, *, #1004, .T. ) ;
#969 = ADVANCED_FACE ( 'NONE', ( #797 ), #626, .F. ) ;
#970 = DIRECTION ( 'NONE',  ( -1.000000000000000000, 0.000000000000000000, 0.000000000000000000 ) ) ;
#971 = PLANE ( 'NONE',  #777 ) ;
#972 = DIRECTION ( 'NONE',  ( -0.000000000000000000, -1.000000000000000000, -0.000000000000000000 ) ) ;
#973 = ORIENTED_EDGE ( 'NONE', *, *, #1521, .F. ) ;
#974 = CARTESIAN_POINT ( 'NONE',  ( -17.50000000000000000, -92.00000000000001421, 0.5000010132811816277 ) ) ;
#975 = DIRECTION ( 'NONE',  ( -1.156482311573604782E-16, 1.000000000000000000, 6.123233995736766036E-17 ) ) ;
#976 = EDGE_LOOP ( 'NONE', ( #1892, #597, #838, #409 ) ) ;
#977 = EDGE_CURVE ( 'NONE', #1981, #1600, #701, .T. ) ;
#978 = CARTESIAN_POINT ( 'NONE',  ( 30.00000014900970058, -57.49999999999997158, 10.50000101328118163 ) ) ;
#979 = AXIS2_PLACEMENT_3D ( 'NONE', #982, #1444, #685 ) ;
#980 = EDGE_CURVE ( 'NONE', #474, #965, #804, .T. ) ;
#981 = CARTESIAN_POINT ( 'NONE',  ( -35.00000014901134904, -57.50000000000001421, 10.50000101328118163 ) ) ;
#982 = CARTESIAN_POINT ( 'NONE',  ( -30.00000000000165201, -100.0000000000000000, 10.50000101328118163 ) ) ;
#983 = VERTEX_POINT ( 'NONE', #1088 ) ;
#984 = LINE ( 'NONE', #1736, #1001 ) ;
#985 = CIRCLE ( 'NONE', #1797, 5.000000000000000888 ) ;
#986 = ORIENTED_EDGE ( 'NONE', *, *, #1964, .F. ) ;
#987 = CARTESIAN_POINT ( 'NONE',  ( -10.99999999999997691, -62.49999999999998579, 127.5000010132811781 ) ) ;
#988 = EDGE_LOOP ( 'NONE', ( #1961, #1816, #138, #301 ) ) ;
#989 = VERTEX_POINT ( 'NONE', #29 ) ;
#990 = AXIS2_PLACEMENT_3D ( 'NONE', #1037, #1813, #453 ) ;
#991 = DIRECTION ( 'NONE',  ( -0.000000000000000000, -0.000000000000000000, -1.000000000000000000 ) ) ;
#992 = EDGE_CURVE ( 'NONE', #320, #713, #1844, .T. ) ;
#993 = DIRECTION ( 'NONE',  ( 0.000000000000000000, 1.000000000000000000, 0.000000000000000000 ) ) ;
#994 = LINE ( 'NONE', #1599, #1339 ) ;
#995 = ORIENTED_EDGE ( 'NONE', *, *, #646, .F. ) ;
#996 = CARTESIAN_POINT ( 'NONE',  ( -30.00000014901131351, -137.4999999999999716, 0.5000010132811816277 ) ) ;
#997 = ORIENTED_EDGE ( 'NONE', *, *, #1878, .T. ) ;
#998 = ORIENTED_EDGE ( 'NONE', *, *, #1558, .T. ) ;
#999 = CIRCLE ( 'NONE', #394, 4.000000000000003553 ) ;
#1000 = CARTESIAN_POINT ( 'NONE',  ( 17.49999999999996803, -87.00000000000001421, 0.5000010132811816277 ) ) ;
#1001 = VECTOR ( 'NONE', #1425, 1000.000000000000000 ) ;
#1002 = DIRECTION ( 'NONE',  ( -0.000000000000000000, -0.000000000000000000, -1.000000000000000000 ) ) ;
#1003 = CARTESIAN_POINT ( 'NONE',  ( -30.00000014901134904, -132.4999999999999716, 0.5000010132811816277 ) ) ;
#1004 = EDGE_CURVE ( 'NONE', #1267, #1366, #1838, .T. ) ;
#1005 = ORIENTED_EDGE ( 'NONE', *, *, #1369, .T. ) ;
#1006 = CARTESIAN_POINT ( 'NONE',  ( 22.50000000000000711, -92.00000000000004263, 10.50000101328118163 ) ) ;
#1007 = ORIENTED_EDGE ( 'NONE', *, *, #152, .T. ) ;
#1008 = EDGE_LOOP ( 'NONE', ( #541, #1343 ) ) ;
#1009 = CARTESIAN_POINT ( 'NONE',  ( -16.00000000000000000, -77.00000000000000000, 10.50000101328118163 ) ) ;
#1010 = ORIENTED_EDGE ( 'NONE', *, *, #384, .T. ) ;
#1011 = PLANE ( 'NONE',  #669 ) ;
#1012 = AXIS2_PLACEMENT_3D ( 'NONE', #950, #139, #792 ) ;
#1013 = VECTOR ( 'NONE', #355, 1000.000000000000000 ) ;
#1014 = FACE_OUTER_BOUND ( 'NONE', #1438, .T. ) ;
#1015 = FACE_BOUND ( 'NONE', #539, .T. ) ;
#1016 = ORIENTED_EDGE ( 'NONE', *, *, #1342, .F. ) ;
#1017 = DIRECTION ( 'NONE',  ( -1.000000000000000000, 0.000000000000000000, 0.000000000000000000 ) ) ;
#1018 = ORIENTED_EDGE ( 'NONE', *, *, #1460, .T. ) ;
#1019 = ORIENTED_EDGE ( 'NONE', *, *, #1351, .T. ) ;
#1020 = AXIS2_PLACEMENT_3D ( 'NONE', #297, #315, #1985 ) ;
#1021 = DIRECTION ( 'NONE',  ( 0.000000000000000000, 0.000000000000000000, 1.000000000000000000 ) ) ;
#1022 = AXIS2_PLACEMENT_3D ( 'NONE', #714, #1630, #1161 ) ;
#1023 = ORIENTED_EDGE ( 'NONE', *, *, #1419, .T. ) ;
#1024 = ADVANCED_FACE ( 'NONE', ( #922 ), #775, .T. ) ;
#1025 = PLANE ( 'NONE',  #584 ) ;
#1026 = AXIS2_PLACEMENT_3D ( 'NONE', #363, #385, #1265 ) ;
#1027 = CARTESIAN_POINT ( 'NONE',  ( -9.500000000000000000, -77.00000000000000000, 10.50000101328118163 ) ) ;
#1028 = DIRECTION ( 'NONE',  ( -0.000000000000000000, -0.000000000000000000, -1.000000000000000000 ) ) ;
#1029 = ORIENTED_EDGE ( 'NONE', *, *, #1342, .T. ) ;
#1030 = LINE ( 'NONE', #1804, #1900 ) ;
#1031 = VERTEX_POINT ( 'NONE', #7 ) ;
#1032 = VERTEX_POINT ( 'NONE', #1070 ) ;
#1033 = DIRECTION ( 'NONE',  ( -0.000000000000000000, -0.000000000000000000, -1.000000000000000000 ) ) ;
#1034 = CARTESIAN_POINT ( 'NONE',  ( 25.99999999999999645, -100.0000000000000000, 0.5000010132811816277 ) ) ;
#1035 = DIRECTION ( 'NONE',  ( 1.000000000000000000, 1.156482311573604782E-16, 0.000000000000000000 ) ) ;
#1036 = AXIS2_PLACEMENT_3D ( 'NONE', #578, #1336, #1368 ) ;
#1037 = CARTESIAN_POINT ( 'NONE',  ( -30.00000000000000000, -70.00000000000000000, 10.50000101328118163 ) ) ;
#1038 = DIRECTION ( 'NONE',  ( 0.000000000000000000, 0.000000000000000000, 1.000000000000000000 ) ) ;
#1039 = CIRCLE ( 'NONE', #74, 4.999999999999997335 ) ;
#1040 = ORIENTED_EDGE ( 'NONE', *, *, #1762, .F. ) ;
#1041 = FACE_OUTER_BOUND ( 'NONE', #711, .T. ) ;
#1042 = EDGE_LOOP ( 'NONE', ( #1193, #986, #1745, #799 ) ) ;
#1043 = ORIENTED_EDGE ( 'NONE', *, *, #1391, .T. ) ;
#1044 = LINE ( 'NONE', #1053, #503 ) ;
#1045 = DIRECTION ( 'NONE',  ( 0.000000000000000000, 0.000000000000000000, 1.000000000000000000 ) ) ;
#1046 = DIRECTION ( 'NONE',  ( 0.000000000000000000, 0.000000000000000000, 1.000000000000000000 ) ) ;
#1047 = EDGE_CURVE ( 'NONE', #1501, #196, #1686, .T. ) ;
#1048 = CYLINDRICAL_SURFACE ( 'NONE', #1090, 5.000000000000002665 ) ;
#1049 = VECTOR ( 'NONE', #1638, 1000.000000000000000 ) ;
#1050 = ORIENTED_EDGE ( 'NONE', *, *, #185, .T. ) ;
#1051 = VERTEX_POINT ( 'NONE', #981 ) ;
#1052 = ORIENTED_EDGE ( 'NONE', *, *, #1680, .T. ) ;
#1053 = CARTESIAN_POINT ( 'NONE',  ( -30.00000000000165201, -104.0000000000000142, 10.50000101328118163 ) ) ;
#1054 = DIRECTION ( 'NONE',  ( -1.000000000000000000, 0.000000000000000000, 0.000000000000000000 ) ) ;
#1055 = VECTOR ( 'NONE', #1534, 1000.000000000000000 ) ;
#1056 = LINE ( 'NONE', #1663, #1920 ) ;
#1057 = DIRECTION ( 'NONE',  ( 0.000000000000000000, 0.000000000000000000, 1.000000000000000000 ) ) ;
#1058 = AXIS2_PLACEMENT_3D ( 'NONE', #1310, #1578, #547 ) ;
#1059 = CARTESIAN_POINT ( 'NONE',  ( 17.49999999999996803, -113.0000000000000000, 10.50000101328118163 ) ) ;
#1060 = ORIENTED_EDGE ( 'NONE', *, *, #1587, .T. ) ;
#1061 = EDGE_CURVE ( 'NONE', #1383, #1222, #65, .T. ) ;
#1062 = ORIENTED_EDGE ( 'NONE', *, *, #832, .T. ) ;
#1063 = FACE_BOUND ( 'NONE', #1450, .T. ) ;
#1064 = DIRECTION ( 'NONE',  ( 1.000000000000000000, 0.000000000000000000, 0.000000000000000000 ) ) ;
#1065 = DIRECTION ( 'NONE',  ( 1.000000000000000000, -0.000000000000000000, -0.000000000000000000 ) ) ;
#1066 = CYLINDRICAL_SURFACE ( 'NONE', #569, 3.174999999999999822 ) ;
#1067 = CARTESIAN_POINT ( 'NONE',  ( 3.498886639676122012, -62.49999999999998579, 113.2221912576834910 ) ) ;
#1068 = ORIENTED_EDGE ( 'NONE', *, *, #1669, .F. ) ;
#1069 = EDGE_LOOP ( 'NONE', ( #941, #1747 ) ) ;
#1070 = CARTESIAN_POINT ( 'NONE',  ( -32.50000000000000000, -70.00000000000000000, 10.50000101328118163 ) ) ;
#1071 = DIRECTION ( 'NONE',  ( 1.000000000000000000, 0.000000000000000000, 0.000000000000000000 ) ) ;
#1072 = ADVANCED_FACE ( 'NONE', ( #1879 ), #1285, .F. ) ;
#1073 = CARTESIAN_POINT ( 'NONE',  ( 30.00000000000000000, -100.0000000000000000, 0.5000010132811816277 ) ) ;
#1074 = EDGE_CURVE ( 'NONE', #1531, #552, #1276, .T. ) ;
#1075 = DIRECTION ( 'NONE',  ( -0.000000000000000000, -0.000000000000000000, -1.000000000000000000 ) ) ;
#1076 = CARTESIAN_POINT ( 'NONE',  ( 4.857225591424961508E-15, -62.49999999999997868, 20.50000101328118163 ) ) ;
#1077 = ORIENTED_EDGE ( 'NONE', *, *, #337, .F. ) ;
#1078 = CARTESIAN_POINT ( 'NONE',  ( 19.00000000000002487, -62.49999999999998579, 127.5000010132811781 ) ) ;
#1079 = CARTESIAN_POINT ( 'NONE',  ( 4.175000000000006040, -62.49999999999998579, 115.5000010132811781 ) ) ;
#1080 = CIRCLE ( 'NONE', #856, 5.000000000000000888 ) ;
#1081 = ORIENTED_EDGE ( 'NONE', *, *, #328, .T. ) ;
#1082 = LINE ( 'NONE', #39, #1872 ) ;
#1083 = AXIS2_PLACEMENT_3D ( 'NONE', #707, #1201, #1814 ) ;
#1084 = EDGE_CURVE ( 'NONE', #1031, #1768, #1152, .T. ) ;
#1085 = CIRCLE ( 'NONE', #1955, 4.174999999999999822 ) ;
#1086 = VECTOR ( 'NONE', #1462, 1000.000000000000000 ) ;
#1087 = ORIENTED_EDGE ( 'NONE', *, *, #1445, .F. ) ;
#1088 = CARTESIAN_POINT ( 'NONE',  ( 35.00000014900969347, -57.50000000000000711, 10.50000101328118163 ) ) ;
#1089 = CARTESIAN_POINT ( 'NONE',  ( -30.00000014901134904, -132.4999999999999716, 10.50000101328118163 ) ) ;
#1090 = AXIS2_PLACEMENT_3D ( 'NONE', #1824, #717, #1644 ) ;
#1091 = ORIENTED_EDGE ( 'NONE', *, *, #1546, .F. ) ;
#1092 = EDGE_LOOP ( 'NONE', ( #958, #818, #585, #312 ) ) ;
#1093 = ADVANCED_FACE ( 'NONE', ( #1132 ), #971, .T. ) ;
#1094 = CYLINDRICAL_SURFACE ( 'NONE', #1216, 2.500000000000002220 ) ;
#1095 = LINE ( 'NONE', #1079, #660 ) ;
#1096 = EDGE_LOOP ( 'NONE', ( #115, #1779 ) ) ;
#1097 = CYLINDRICAL_SURFACE ( 'NONE', #1296, 6.499999999999999112 ) ;
#1098 = AXIS2_PLACEMENT_3D ( 'NONE', #1984, #724, #285 ) ;
#1099 = AXIS2_PLACEMENT_3D ( 'NONE', #1679, #1848, #475 ) ;
#1100 = LINE ( 'NONE', #383, #253 ) ;
#1101 = ADVANCED_FACE ( 'NONE', ( #1422 ), #534, .T. ) ;
#1102 = ADVANCED_FACE ( 'NONE', ( #1722 ), #655, .F. ) ;
#1103 = LINE ( 'NONE', #1870, #451 ) ;
#1104 = DIRECTION ( 'NONE',  ( 1.000000000000000000, -0.000000000000000000, -0.000000000000000000 ) ) ;
#1105 = ORIENTED_EDGE ( 'NONE', *, *, #1511, .T. ) ;
#1106 = LINE ( 'NONE', #1701, #1708 ) ;
#1107 = DIRECTION ( 'NONE',  ( 0.000000000000000000, 0.000000000000000000, 1.000000000000000000 ) ) ;
#1108 = VECTOR ( 'NONE', #461, 1000.000000000000000 ) ;
#1109 = FILL_AREA_STYLE_COLOUR ( '', #1941 ) ;
#1110 = AXIS2_PLACEMENT_3D ( 'NONE', #350, #611, #927 ) ;
#1111 = APPLICATION_PROTOCOL_DEFINITION ( 'draft international standard', 'automotive_design', 1998, #1348 ) ;
#1112 = CIRCLE ( 'NONE', #1020, 6.500000000000002665 ) ;
#1113 = DIRECTION ( 'NONE',  ( -1.000000000000000000, 0.000000000000000000, 0.000000000000000000 ) ) ;
#1114 = CARTESIAN_POINT ( 'NONE',  ( 16.00000000000000000, -123.0000000000000000, 10.50000101328118163 ) ) ;
#1115 = EDGE_CURVE ( 'NONE', #471, #1583, #1120, .T. ) ;
#1116 = ORIENTED_EDGE ( 'NONE', *, *, #1975, .T. ) ;
#1117 = LINE ( 'NONE', #1893, #1771 ) ;
#1118 = CARTESIAN_POINT ( 'NONE',  ( 32.50000000000000000, -130.0000000000000000, 0.5000010132811816277 ) ) ;
#1119 = ORIENTED_EDGE ( 'NONE', *, *, #1751, .F. ) ;
#1120 = CIRCLE ( 'NONE', #1284, 6.500000000000002665 ) ;
#1121 = DIRECTION ( 'NONE',  ( 1.000000000000000000, 1.156482311573604782E-16, 1.092739197465705287E-16 ) ) ;
#1122 = DIRECTION ( 'NONE',  ( 0.000000000000000000, 0.000000000000000000, 1.000000000000000000 ) ) ;
#1123 = LINE ( 'NONE', #535, #796 ) ;
#1124 = VERTEX_POINT ( 'NONE', #822 ) ;
#1125 = PLANE ( 'NONE',  #336 ) ;
#1126 = DIRECTION ( 'NONE',  ( -0.000000000000000000, -0.000000000000000000, -1.000000000000000000 ) ) ;
#1127 = ORIENTED_EDGE ( 'NONE', *, *, #1246, .T. ) ;
#1128 = ADVANCED_FACE ( 'NONE', ( #1898 ), #515, .T. ) ;
#1129 = CIRCLE ( 'NONE', #67, 5.000000000000000888 ) ;
#1130 = EDGE_CURVE ( 'NONE', #424, #330, #1570, .T. ) ;
#1131 = LINE ( 'NONE', #1876, #1619 ) ;
#1132 = FACE_OUTER_BOUND ( 'NONE', #1312, .T. ) ;
#1133 = CARTESIAN_POINT ( 'NONE',  ( -18.99999999999997868, -62.49999999999998579, 127.5000010132811781 ) ) ;
#1134 = ORIENTED_EDGE ( 'NONE', *, *, #531, .F. ) ;
#1135 = DIRECTION ( 'NONE',  ( -1.000000000000000000, 0.000000000000000000, 0.000000000000000000 ) ) ;
#1136 = ORIENTED_EDGE ( 'NONE', *, *, #86, .T. ) ;
#1137 = DIRECTION ( 'NONE',  ( 0.000000000000000000, 1.000000000000000000, 0.000000000000000000 ) ) ;
#1138 = ORIENTED_EDGE ( 'NONE', *, *, #811, .T. ) ;
#1139 = EDGE_CURVE ( 'NONE', #424, #1031, #422, .T. ) ;
#1140 = VECTOR ( 'NONE', #1807, 1000.000000000000000 ) ;
#1141 = EDGE_CURVE ( 'NONE', #688, #246, #1628, .T. ) ;
#1142 = DIRECTION ( 'NONE',  ( 0.000000000000000000, -0.000000000000000000, -1.000000000000000000 ) ) ;
#1143 = AXIS2_PLACEMENT_3D ( 'NONE', #1114, #374, #1723 ) ;
#1144 = DIRECTION ( 'NONE',  ( 1.000000000000000000, 0.000000000000000000, 0.000000000000000000 ) ) ;
#1145 = CARTESIAN_POINT ( 'NONE',  ( -30.00000000000165201, -96.00000000000000000, 10.50000101328118163 ) ) ;
#1146 = ORIENTED_EDGE ( 'NONE', *, *, #938, .F. ) ;
#1147 = DIRECTION ( 'NONE',  ( 0.000000000000000000, 0.000000000000000000, 1.000000000000000000 ) ) ;
#1148 = ORIENTED_EDGE ( 'NONE', *, *, #1977, .F. ) ;
#1149 = EDGE_LOOP ( 'NONE', ( #1735, #18, #644, #1675 ) ) ;
#1150 = DIRECTION ( 'NONE',  ( -1.000000000000000000, -0.000000000000000000, -0.000000000000000000 ) ) ;
#1151 = EDGE_CURVE ( 'NONE', #573, #225, #619, .T. ) ;
#1152 = LINE ( 'NONE', #1889, #56 ) ;
#1153 = FACE_BOUND ( 'NONE', #1190, .T. ) ;
#1154 = ORIENTED_EDGE ( 'NONE', *, *, #1753, .F. ) ;
#1155 = DIRECTION ( 'NONE',  ( 1.000000000000000000, 0.000000000000000000, 0.000000000000000000 ) ) ;
#1156 = ORIENTED_EDGE ( 'NONE', *, *, #793, .T. ) ;
#1157 = VERTEX_POINT ( 'NONE', #232 ) ;
#1158 = CARTESIAN_POINT ( 'NONE',  ( 19.00000000000002487, -52.49999999999998579, 127.5000010132811781 ) ) ;
#1159 = ORIENTED_EDGE ( 'NONE', *, *, #637, .F. ) ;
#1160 = AXIS2_PLACEMENT_3D ( 'NONE', #1332, #586, #731 ) ;
#1161 = DIRECTION ( 'NONE',  ( 1.000000000000000000, 0.000000000000000000, 0.000000000000000000 ) ) ;
#1162 = EDGE_CURVE ( 'NONE', #348, #1305, #259, .T. ) ;
#1163 = VECTOR ( 'NONE', #668, 1000.000000000000000 ) ;
#1164 = LINE ( 'NONE', #1027, #1317 ) ;
#1165 = FACE_BOUND ( 'NONE', #1008, .T. ) ;
#1166 = EDGE_LOOP ( 'NONE', ( #782, #1916, #1758, #1204, #1146, #180, #1402, #444, #733, #1159, #1612, #1040, #635, #334, #884, #872, #1424 ) ) ;
#1167 = CARTESIAN_POINT ( 'NONE',  ( -22.50000000000000000, -92.00000000000004263, 0.5000010132811816277 ) ) ;
#1168 = EDGE_CURVE ( 'NONE', #1710, #1358, #1966, .T. ) ;
#1169 = EDGE_LOOP ( 'NONE', ( #667, #710, #1390, #1394 ) ) ;
#1170 = ORIENTED_EDGE ( 'NONE', *, *, #888, .T. ) ;
#1171 = CARTESIAN_POINT ( 'NONE',  ( -9.500000000000000000, -77.00000000000000000, 0.5000010132811816277 ) ) ;
#1172 = DIRECTION ( 'NONE',  ( 0.000000000000000000, 0.000000000000000000, 1.000000000000000000 ) ) ;
#1173 = AXIS2_PLACEMENT_3D ( 'NONE', #168, #1863, #776 ) ;
#1174 = AXIS2_PLACEMENT_3D ( 'NONE', #79, #696, #1176 ) ;
#1175 = CARTESIAN_POINT ( 'NONE',  ( 22.50000000000000711, -107.9999999999999716, 0.5000010132811816277 ) ) ;
#1176 = DIRECTION ( 'NONE',  ( 1.000000000000000000, 0.000000000000000000, 0.000000000000000000 ) ) ;
#1177 = EDGE_LOOP ( 'NONE', ( #1508, #1759, #76, #432 ) ) ;
#1178 = CARTESIAN_POINT ( 'NONE',  ( -35.00000014901134904, -96.00000000000000000, 10.50000101328118163 ) ) ;
#1179 = ORIENTED_EDGE ( 'NONE', *, *, #531, .T. ) ;
#1180 = ORIENTED_EDGE ( 'NONE', *, *, #853, .T. ) ;
#1181 = LINE ( 'NONE', #447, #1049 ) ;
#1182 = ADVANCED_FACE ( 'NONE', ( #695 ), #57, .F. ) ;
#1183 = AXIS2_PLACEMENT_3D ( 'NONE', #954, #352, #1569 ) ;
#1184 = CARTESIAN_POINT ( 'NONE',  ( 3.174999999999989164, -52.49999999999997868, 20.50000101328118518 ) ) ;
#1185 = CARTESIAN_POINT ( 'NONE',  ( 22.50000000000000355, -123.0000000000000000, 0.5000010132811816277 ) ) ;
#1186 = CIRCLE ( 'NONE', #321, 8.000000000000003553 ) ;
#1187 = VECTOR ( 'NONE', #1555, 1000.000000000000000 ) ;
#1188 = FACE_OUTER_BOUND ( 'NONE', #649, .T. ) ;
#1189 = LINE ( 'NONE', #1802, #1429 ) ;
#1190 = EDGE_LOOP ( 'NONE', ( #1050, #1622 ) ) ;
#1191 = CARTESIAN_POINT ( 'NONE',  ( 9.499999999999998224, -123.0000000000000000, 0.5000010132811816277 ) ) ;
#1192 = EDGE_LOOP ( 'NONE', ( #1962, #1087, #852, #435 ) ) ;
#1193 = ORIENTED_EDGE ( 'NONE', *, *, #1641, .T. ) ;
#1194 = LINE ( 'NONE', #1492, #610 ) ;
#1195 = DIRECTION ( 'NONE',  ( -1.893161728691032465E-16, 7.572646914764129615E-17, -1.000000000000000000 ) ) ;
#1196 = ADVANCED_FACE ( 'NONE', ( #1464 ), #1048, .F. ) ;
#1197 = EDGE_CURVE ( 'NONE', #1457, #1222, #1888, .T. ) ;
#1198 = CARTESIAN_POINT ( 'NONE',  ( 19.00000000000004619, -132.4999999999999716, 10.50000101328118163 ) ) ;
#1199 = CIRCLE ( 'NONE', #436, 2.500000000000002220 ) ;
#1200 = CARTESIAN_POINT ( 'NONE',  ( -30.00000000000165201, -104.0000000000000142, 10.50000101328118163 ) ) ;
#1201 = DIRECTION ( 'NONE',  ( 0.000000000000000000, 0.000000000000000000, 1.000000000000000000 ) ) ;
#1202 = ORIENTED_EDGE ( 'NONE', *, *, #504, .F. ) ;
#1203 = ORIENTED_EDGE ( 'NONE', *, *, #220, .T. ) ;
#1204 = ORIENTED_EDGE ( 'NONE', *, *, #1641, .F. ) ;
#1205 = CARTESIAN_POINT ( 'NONE',  ( -22.50000000000000000, -77.00000000000000000, 10.50000101328118163 ) ) ;
#1206 = CARTESIAN_POINT ( 'NONE',  ( -16.00000000000000000, -123.0000000000000000, 10.50000101328118163 ) ) ;
#1207 = EDGE_CURVE ( 'NONE', #1970, #239, #93, .T. ) ;
#1208 = LINE ( 'NONE', #659, #1248 ) ;
#1209 = ADVANCED_FACE ( 'NONE', ( #417 ), #290, .F. ) ;
#1210 = CARTESIAN_POINT ( 'NONE',  ( -10.99999999999997868, -52.49999999999998579, 127.5000010132811781 ) ) ;
#1211 = AXIS2_PLACEMENT_3D ( 'NONE', #1668, #785, #1543 ) ;
#1212 = ORIENTED_EDGE ( 'NONE', *, *, #1554, .T. ) ;
#1213 = ORIENTED_EDGE ( 'NONE', *, *, #68, .T. ) ;
#1214 = CYLINDRICAL_SURFACE ( 'NONE', #1338, 2.500000000000002220 ) ;
#1215 = CARTESIAN_POINT ( 'NONE',  ( 30.00000014900970058, -132.4999999999999716, 10.50000101328118163 ) ) ;
#1216 = AXIS2_PLACEMENT_3D ( 'NONE', #344, #1563, #632 ) ;
#1217 = DIRECTION ( 'NONE',  ( -1.156482311573604782E-16, 1.000000000000000000, 6.123233995736766036E-17 ) ) ;
#1218 = EDGE_CURVE ( 'NONE', #14, #1545, #1164, .T. ) ;
#1219 = LINE ( 'NONE', #1683, #1108 ) ;
#1220 = CIRCLE ( 'NONE', #351, 6.500000000000000888 ) ;
#1221 = CARTESIAN_POINT ( 'NONE',  ( 9.499999999999998224, -77.00000000000000000, 0.5000010132811816277 ) ) ;
#1222 = VERTEX_POINT ( 'NONE', #1175 ) ;
#1223 = EDGE_LOOP ( 'NONE', ( #1929, #794, #1575, #1116 ) ) ;
#1224 = DIRECTION ( 'NONE',  ( 1.893161728691032465E-16, -7.572646914764129615E-17, 1.000000000000000000 ) ) ;
#1225 = FACE_BOUND ( 'NONE', #1676, .T. ) ;
#1226 = DIRECTION ( 'NONE',  ( -1.156482311573604782E-16, 1.000000000000000000, 6.123233995736766036E-17 ) ) ;
#1227 = CARTESIAN_POINT ( 'NONE',  ( 17.49999999999996803, -87.00000000000001421, 10.50000101328118163 ) ) ;
#1228 = PRODUCT ( 'L型支架^ECB80D-L200-S500-R-750W+减速机', 'L型支架^ECB80D-L200-S500-R-750W+减速机', '', ( #1442 ) ) ;
#1229 = CARTESIAN_POINT ( 'NONE',  ( -3.174999999999991829, -62.49999999999998579, 112.1310249076965704 ) ) ;
#1230 = CARTESIAN_POINT ( 'NONE',  ( 3.174999999999990496, -62.49999999999997868, 20.50000101328118518 ) ) ;
#1231 = ORIENTED_EDGE ( 'NONE', *, *, #1558, .F. ) ;
#1232 = DIRECTION ( 'NONE',  ( 1.000000000000000000, 0.000000000000000000, 0.000000000000000000 ) ) ;
#1233 = CARTESIAN_POINT ( 'NONE',  ( 32.50000000000000000, -130.0000000000000000, 10.50000101328118163 ) ) ;
#1234 = ADVANCED_FACE ( 'NONE', ( #1188 ), #900, .F. ) ;
#1235 = ORIENTED_EDGE ( 'NONE', *, *, #314, .T. ) ;
#1236 = DIRECTION ( 'NONE',  ( 0.000000000000000000, 0.000000000000000000, 1.000000000000000000 ) ) ;
#1237 = CARTESIAN_POINT ( 'NONE',  ( 30.00000000000000000, -100.0000000000000000, 10.50000101328118163 ) ) ;
#1238 = DIRECTION ( 'NONE',  ( 1.000000000000000000, 1.156482311573605029E-16, -1.893161728691032465E-16 ) ) ;
#1239 = ORIENTED_EDGE ( 'NONE', *, *, #1084, .T. ) ;
#1240 = CARTESIAN_POINT ( 'NONE',  ( -18.99999999999997158, -52.49999999999998579, 127.5000010132811781 ) ) ;
#1241 = DIRECTION ( 'NONE',  ( -1.156482311573604782E-16, 1.000000000000000000, 6.123233995736766036E-17 ) ) ;
#1242 = AXIS2_PLACEMENT_3D ( 'NONE', #284, #1661, #411 ) ;
#1243 = ORIENTED_EDGE ( 'NONE', *, *, #61, .F. ) ;
#1244 = DIRECTION ( 'NONE',  ( 1.000000000000000000, 0.000000000000000000, 0.000000000000000000 ) ) ;
#1245 = VECTOR ( 'NONE', #848, 1000.000000000000000 ) ;
#1246 = EDGE_CURVE ( 'NONE', #1305, #348, #1860, .T. ) ;
#1247 = PRODUCT_DEFINITION_CONTEXT ( 'detailed design', #1348, 'design' ) ;
#1248 = VECTOR ( 'NONE', #1262, 1000.000000000000000 ) ;
#1249 = FILL_AREA_STYLE ('',( #1516 ) ) ;
#1250 = ORIENTED_EDGE ( 'NONE', *, *, #715, .T. ) ;
#1251 = DIRECTION ( 'NONE',  ( 1.000000000000000000, 0.000000000000000000, 0.000000000000000000 ) ) ;
#1252 = FACE_BOUND ( 'NONE', #26, .T. ) ;
#1253 = EDGE_LOOP ( 'NONE', ( #564, #806, #423, #1019 ) ) ;
#1254 = ORIENTED_EDGE ( 'NONE', *, *, #1576, .F. ) ;
#1255 = ADVANCED_FACE ( 'NONE', ( #1474 ), #1773, .F. ) ;
#1256 = ADVANCED_FACE ( 'NONE', ( #1014 ), #1631, .T. ) ;
#1257 = DIRECTION ( 'NONE',  ( -1.000000000000000000, 0.000000000000000000, 0.000000000000000000 ) ) ;
#1258 = DIRECTION ( 'NONE',  ( -1.000000000000000000, 0.000000000000000000, 0.000000000000000000 ) ) ;
#1259 = ORIENTED_EDGE ( 'NONE', *, *, #1361, .T. ) ;
#1260 = DIRECTION ( 'NONE',  ( 1.000000000000000000, 0.000000000000000000, 0.000000000000000000 ) ) ;
#1261 = VECTOR ( 'NONE', #118, 1000.000000000000000 ) ;
#1262 = DIRECTION ( 'NONE',  ( -0.000000000000000000, -0.000000000000000000, -1.000000000000000000 ) ) ;
#1263 = CARTESIAN_POINT ( 'NONE',  ( -18.99999999999996092, -52.49999999999997868, 10.50000101328117630 ) ) ;
#1264 = EDGE_CURVE ( 'NONE', #965, #399, #1927, .T. ) ;
#1265 = DIRECTION ( 'NONE',  ( 1.000000000000000000, 0.000000000000000000, 0.000000000000000000 ) ) ;
#1266 = CARTESIAN_POINT ( 'NONE',  ( -30.00000014901134904, -57.49999999999997868, 10.50000101328118163 ) ) ;
#1267 = VERTEX_POINT ( 'NONE', #889 ) ;
#1268 = FACE_OUTER_BOUND ( 'NONE', #136, .T. ) ;
#1269 = DIRECTION ( 'NONE',  ( -2.168404344971018236E-16, 1.000000000000000000, -0.000000000000000000 ) ) ;
#1270 = EDGE_LOOP ( 'NONE', ( #1016, #1792, #116, #1865 ) ) ;
#1271 = VECTOR ( 'NONE', #516, 1000.000000000000000 ) ;
#1272 = AXIS2_PLACEMENT_3D ( 'NONE', #964, #834, #665 ) ;
#1273 = FACE_OUTER_BOUND ( 'NONE', #1636, .T. ) ;
#1274 = AXIS2_PLACEMENT_3D ( 'NONE', #191, #1868, #342 ) ;
#1275 = EDGE_CURVE ( 'NONE', #1502, #14, #1220, .T. ) ;
#1276 = LINE ( 'NONE', #505, #327 ) ;
#1277 = DIRECTION ( 'NONE',  ( 0.000000000000000000, 0.000000000000000000, 1.000000000000000000 ) ) ;
#1278 = ORIENTED_EDGE ( 'NONE', *, *, #1287, .F. ) ;
#1279 = FACE_OUTER_BOUND ( 'NONE', #1282, .T. ) ;
#1280 = ADVANCED_FACE ( 'NONE', ( #1943, #752 ), #879, .F. ) ;
#1281 = LINE ( 'NONE', #1542, #480 ) ;
#1282 = EDGE_LOOP ( 'NONE', ( #169, #734, #236, #790 ) ) ;
#1283 = AXIS2_PLACEMENT_3D ( 'NONE', #1370, #511, #1832 ) ;
#1284 = AXIS2_PLACEMENT_3D ( 'NONE', #1754, #223, #963 ) ;
#1285 = CYLINDRICAL_SURFACE ( 'NONE', #744, 4.174999999999999822 ) ;
#1286 = CARTESIAN_POINT ( 'NONE',  ( 27.49999999999999645, -70.00000000000000000, 0.5000010132811816277 ) ) ;
#1287 = EDGE_CURVE ( 'NONE', #1488, #512, #694, .T. ) ;
#1288 = VERTEX_POINT ( 'NONE', #1957 ) ;
#1289 = CYLINDRICAL_SURFACE ( 'NONE', #1976, 6.499999999999999112 ) ;
#1290 = EDGE_LOOP ( 'NONE', ( #166, #543, #300, #1540 ) ) ;
#1291 = CARTESIAN_POINT ( 'NONE',  ( -9.500000000000000000, -123.0000000000000000, 0.5000010132811816277 ) ) ;
#1292 = ORIENTED_EDGE ( 'NONE', *, *, #1836, .T. ) ;
#1293 = ADVANCED_FACE ( 'NONE', ( #605 ), #1934, .F. ) ;
#1294 = AXIS2_PLACEMENT_3D ( 'NONE', #258, #1946, #1960 ) ;
#1295 = ORIENTED_EDGE ( 'NONE', *, *, #926, .F. ) ;
#1296 = AXIS2_PLACEMENT_3D ( 'NONE', #19, #1410, #509 ) ;
#1297 = CARTESIAN_POINT ( 'NONE',  ( -35.00000014901134904, -132.4999999999999432, 10.50000101328118163 ) ) ;
#1298 = DIRECTION ( 'NONE',  ( -1.000000000000000000, 0.000000000000000000, 0.000000000000000000 ) ) ;
#1299 = CARTESIAN_POINT ( 'NONE',  ( 30.00000014900966150, -52.49999999999997868, 10.50000101328118163 ) ) ;
#1300 = EDGE_LOOP ( 'NONE', ( #381, #1043, #365, #913 ) ) ;
#1301 = CARTESIAN_POINT ( 'NONE',  ( 30.00000000000000000, -130.0000000000000000, 0.5000010132811816277 ) ) ;
#1302 = ORIENTED_EDGE ( 'NONE', *, *, #1522, .T. ) ;
#1303 = CARTESIAN_POINT ( 'NONE',  ( 35.00000014900969347, -132.4999999999999432, 10.50000101328118163 ) ) ;
#1304 = VERTEX_POINT ( 'NONE', #1200 ) ;
#1305 = VERTEX_POINT ( 'NONE', #443 ) ;
#1306 = EDGE_CURVE ( 'NONE', #1124, #1509, #255, .T. ) ;
#1307 = AXIS2_PLACEMENT_3D ( 'NONE', #1385, #8, #1071 ) ;
#1308 = DIRECTION ( 'NONE',  ( -1.000000000000000000, 0.000000000000000000, 0.000000000000000000 ) ) ;
#1309 = VECTOR ( 'NONE', #1126, 1000.000000000000000 ) ;
#1310 = CARTESIAN_POINT ( 'NONE',  ( -17.50000000000000000, -108.0000000000000000, 10.50000101328118163 ) ) ;
#1311 = DIRECTION ( 'NONE',  ( -1.000000000000000000, 0.000000000000000000, 0.000000000000000000 ) ) ;
#1312 = EDGE_LOOP ( 'NONE', ( #616, #1971, #445, #1322 ) ) ;
#1313 = CARTESIAN_POINT ( 'NONE',  ( -16.00000000000000000, -77.00000000000000000, 10.50000101328118163 ) ) ;
#1314 = ORIENTED_EDGE ( 'NONE', *, *, #251, .F. ) ;
#1315 = EDGE_LOOP ( 'NONE', ( #1478, #1717, #1243, #1649 ) ) ;
#1316 = DIRECTION ( 'NONE',  ( -0.000000000000000000, -0.000000000000000000, -1.000000000000000000 ) ) ;
#1317 = VECTOR ( 'NONE', #278, 1000.000000000000000 ) ;
#1318 = CYLINDRICAL_SURFACE ( 'NONE', #1887, 6.500000000000002665 ) ;
#1319 = ADVANCED_FACE ( 'NONE', ( #1388 ), #772, .F. ) ;
#1320 = DIRECTION ( 'NONE',  ( -1.156482311573604782E-16, 1.000000000000000000, 6.123233995736766036E-17 ) ) ;
#1321 = FACE_BOUND ( 'NONE', #1096, .T. ) ;
#1322 = ORIENTED_EDGE ( 'NONE', *, *, #504, .T. ) ;
#1323 = DIRECTION ( 'NONE',  ( 0.000000000000000000, 0.000000000000000000, 1.000000000000000000 ) ) ;
#1324 = EDGE_LOOP ( 'NONE', ( #1697, #32, #1062, #1635 ) ) ;
#1325 = VERTEX_POINT ( 'NONE', #1515 ) ;
#1326 = MECHANICAL_DESIGN_GEOMETRIC_PRESENTATION_REPRESENTATION (  '', ( #841 ), #1731 ) ;
#1327 = FACE_OUTER_BOUND ( 'NONE', #1192, .T. ) ;
#1328 = CARTESIAN_POINT ( 'NONE',  ( 30.00000014900966150, -137.4999999999999716, 10.50000101328118163 ) ) ;
#1329 = CARTESIAN_POINT ( 'NONE',  ( -16.00000000000000000, -77.00000000000000000, 10.50000101328118163 ) ) ;
#1330 = CARTESIAN_POINT ( 'NONE',  ( 35.00000014900969347, -57.50000000000000711, 0.5000010132811816277 ) ) ;
#1331 = EDGE_LOOP ( 'NONE', ( #1885, #675, #854, #83, #1604, #499, #671, #294, #892, #1415 ) ) ;
#1332 = CARTESIAN_POINT ( 'NONE',  ( 16.00000000000000000, -123.0000000000000000, 10.50000101328118163 ) ) ;
#1333 = ORIENTED_EDGE ( 'NONE', *, *, #1643, .T. ) ;
#1334 = ORIENTED_EDGE ( 'NONE', *, *, #646, .T. ) ;
#1335 = LINE ( 'NONE', #1795, #1140 ) ;
#1336 = DIRECTION ( 'NONE',  ( 0.000000000000000000, 0.000000000000000000, 1.000000000000000000 ) ) ;
#1337 = DIRECTION ( 'NONE',  ( 0.000000000000000000, 1.000000000000000000, -0.000000000000000000 ) ) ;
#1338 = AXIS2_PLACEMENT_3D ( 'NONE', #1530, #1829, #1856 ) ;
#1339 = VECTOR ( 'NONE', #559, 1000.000000000000000 ) ;
#1340 = DIRECTION ( 'NONE',  ( 1.000000000000000000, 0.000000000000000000, 0.000000000000000000 ) ) ;
#1341 = CARTESIAN_POINT ( 'NONE',  ( 16.00000000000000000, -123.0000000000000000, 10.50000101328118163 ) ) ;
#1342 = EDGE_CURVE ( 'NONE', #921, #1667, #780, .T. ) ;
#1343 = ORIENTED_EDGE ( 'NONE', *, *, #732, .T. ) ;
#1344 = LINE ( 'NONE', #1167, #599 ) ;
#1345 = EDGE_LOOP ( 'NONE', ( #1716, #1806, #80, #598 ) ) ;
#1346 = EDGE_LOOP ( 'NONE', ( #1580, #743, #1180, #293 ) ) ;
#1347 = AXIS2_PLACEMENT_3D ( 'NONE', #188, #1418, #1718 ) ;
#1348 = APPLICATION_CONTEXT ( 'automotive_design' ) ;
#1349 = CARTESIAN_POINT ( 'NONE',  ( 30.00000000000000000, -130.0000000000000000, 10.50000101328118163 ) ) ;
#1350 = AXIS2_PLACEMENT_3D ( 'NONE', #429, #1760, #704 ) ;
#1351 = EDGE_CURVE ( 'NONE', #356, #399, #1851, .T. ) ;
#1352 = DIRECTION ( 'NONE',  ( 1.000000000000000000, 0.000000000000000000, 0.000000000000000000 ) ) ;
#1353 = DIRECTION ( 'NONE',  ( 1.000000000000000000, 0.000000000000000000, 0.000000000000000000 ) ) ;
#1354 = DIRECTION ( 'NONE',  ( -1.000000000000000000, 0.000000000000000000, 0.000000000000000000 ) ) ;
#1355 = DIRECTION ( 'NONE',  ( -0.000000000000000000, 0.000000000000000000, -1.000000000000000000 ) ) ;
#1356 = EDGE_LOOP ( 'NONE', ( #170, #862, #1793, #1259 ) ) ;
#1357 = ORIENTED_EDGE ( 'NONE', *, *, #347, .F. ) ;
#1358 = VERTEX_POINT ( 'NONE', #622 ) ;
#1359 = CARTESIAN_POINT ( 'NONE',  ( -35.00000014901134904, -57.50000000000001421, 0.5000010132811816277 ) ) ;
#1360 = DIRECTION ( 'NONE',  ( -1.000000000000000000, 0.000000000000000000, 0.000000000000000000 ) ) ;
#1361 = EDGE_CURVE ( 'NONE', #320, #402, #1833, .T. ) ;
#1362 = CARTESIAN_POINT ( 'NONE',  ( 30.00000000000000000, -100.0000000000000000, 0.5000010132811816277 ) ) ;
#1363 = CIRCLE ( 'NONE', #493, 2.000000000000000888 ) ;
#1364 = DIRECTION ( 'NONE',  ( 1.156482311573605029E-16, -1.000000000000000000, 0.000000000000000000 ) ) ;
#1365 = VERTEX_POINT ( 'NONE', #1842 ) ;
#1366 = VERTEX_POINT ( 'NONE', #1229 ) ;
#1367 = CARTESIAN_POINT ( 'NONE',  ( 9.499999999999998224, -77.00000000000000000, 10.50000101328118163 ) ) ;
#1368 = DIRECTION ( 'NONE',  ( 1.000000000000000000, 0.000000000000000000, 0.000000000000000000 ) ) ;
#1369 = EDGE_CURVE ( 'NONE', #1583, #247, #470, .T. ) ;
#1370 = CARTESIAN_POINT ( 'NONE',  ( -30.00000000000165201, -100.0000000000000000, 0.5000010132811816277 ) ) ;
#1371 = DIRECTION ( 'NONE',  ( -0.000000000000000000, -0.000000000000000000, -1.000000000000000000 ) ) ;
#1372 = SURFACE_STYLE_FILL_AREA ( #1249 ) ;
#1373 = VECTOR ( 'NONE', #117, 1000.000000000000000 ) ;
#1374 = ORIENTED_EDGE ( 'NONE', *, *, #314, .F. ) ;
#1375 = ORIENTED_EDGE ( 'NONE', *, *, #811, .F. ) ;
#1376 = CARTESIAN_POINT ( 'NONE',  ( -30.00000000000165201, -96.00000000000000000, 10.50000101328118163 ) ) ;
#1377 = CARTESIAN_POINT ( 'NONE',  ( -30.00000000000000000, -70.00000000000000000, 10.50000101328118163 ) ) ;
#1378 = CIRCLE ( 'NONE', #770, 5.000000000000000888 ) ;
#1379 = AXIS2_PLACEMENT_3D ( 'NONE', #1420, #1577, #866 ) ;
#1380 = FACE_OUTER_BOUND ( 'NONE', #1324, .T. ) ;
#1381 = ADVANCED_FACE ( 'NONE', ( #12 ), #1066, .F. ) ;
#1382 = DIRECTION ( 'NONE',  ( -1.000000000000000000, 0.000000000000000000, 0.000000000000000000 ) ) ;
#1383 = VERTEX_POINT ( 'NONE', #762 ) ;
#1384 = DIRECTION ( 'NONE',  ( 0.000000000000000000, -1.000000000000000000, 0.000000000000000000 ) ) ;
#1385 = CARTESIAN_POINT ( 'NONE',  ( -5.174999999999993605, -52.49999999999998579, 112.1310249076965704 ) ) ;
#1386 = CARTESIAN_POINT ( 'NONE',  ( -30.00000000000000000, -130.0000000000000000, 10.50000101328118163 ) ) ;
#1387 = UNCERTAINTY_MEASURE_WITH_UNIT (LENGTH_MEASURE( 1.000000000000000082E-05 ), #1389, 'distance_accuracy_value', 'NONE');
#1388 = FACE_OUTER_BOUND ( 'NONE', #903, .T. ) ;
#1389 =( LENGTH_UNIT ( ) NAMED_UNIT ( * ) SI_UNIT ( .MILLI., .METRE. ) );
#1390 = ORIENTED_EDGE ( 'NONE', *, *, #1401, .T. ) ;
#1391 = EDGE_CURVE ( 'NONE', #1993, #1770, #1219, .T. ) ;
#1392 = LINE ( 'NONE', #791, #507 ) ;
#1393 = FACE_OUTER_BOUND ( 'NONE', #1468, .T. ) ;
#1394 = ORIENTED_EDGE ( 'NONE', *, *, #13, .T. ) ;
#1395 = FACE_OUTER_BOUND ( 'NONE', #1948, .T. ) ;
#1396 = PLANE ( 'NONE',  #735 ) ;
#1397 = ORIENTED_EDGE ( 'NONE', *, *, #397, .F. ) ;
#1398 = LINE ( 'NONE', #177, #50 ) ;
#1399 = FACE_OUTER_BOUND ( 'NONE', #1572, .T. ) ;
#1400 = AXIS2_PLACEMENT_3D ( 'NONE', #1009, #1650, #1503 ) ;
#1401 = EDGE_CURVE ( 'NONE', #658, #186, #1673, .T. ) ;
#1402 = ORIENTED_EDGE ( 'NONE', *, *, #783, .F. ) ;
#1403 = EDGE_LOOP ( 'NONE', ( #1409, #968, #46, #904, #1138, #1566, #308, #1250 ) ) ;
#1404 = CIRCLE ( 'NONE', #820, 4.999999999999997335 ) ;
#1405 = ADVANCED_FACE ( 'NONE', ( #4 ), #107, .F. ) ;
#1406 = AXIS2_PLACEMENT_3D ( 'NONE', #689, #1915, #540 ) ;
#1407 = CARTESIAN_POINT ( 'NONE',  ( 30.00000000000000000, -130.0000000000000000, 0.5000010132811816277 ) ) ;
#1408 = DIRECTION ( 'NONE',  ( -0.000000000000000000, -0.000000000000000000, -1.000000000000000000 ) ) ;
#1409 = ORIENTED_EDGE ( 'NONE', *, *, #837, .T. ) ;
#1410 = DIRECTION ( 'NONE',  ( -0.000000000000000000, -0.000000000000000000, -1.000000000000000000 ) ) ;
#1411 = DIRECTION ( 'NONE',  ( 1.000000000000000000, 0.000000000000000000, 0.000000000000000000 ) ) ;
#1412 = EDGE_CURVE ( 'NONE', #356, #989, #250, .T. ) ;
#1413 = CARTESIAN_POINT ( 'NONE',  ( -3.175000000000009592, -62.49999999999997868, 20.50000101328118518 ) ) ;
#1414 = LINE ( 'NONE', #1755, #1917 ) ;
#1415 = ORIENTED_EDGE ( 'NONE', *, *, #1669, .T. ) ;
#1416 = DIRECTION ( 'NONE',  ( -1.000000000000000000, 0.000000000000000000, 0.000000000000000000 ) ) ;
#1417 = CIRCLE ( 'NONE', #272, 3.174999999999999822 ) ;
#1418 = DIRECTION ( 'NONE',  ( 0.000000000000000000, 0.000000000000000000, 1.000000000000000000 ) ) ;
#1419 = EDGE_CURVE ( 'NONE', #1222, #1435, #1818, .T. ) ;
#1420 = CARTESIAN_POINT ( 'NONE',  ( -18.99999999999997158, -62.49999999999998579, 127.5000010132811781 ) ) ;
#1421 = EDGE_CURVE ( 'NONE', #1700, #359, #1335, .T. ) ;
#1422 = FACE_OUTER_BOUND ( 'NONE', #1290, .T. ) ;
#1423 = CARTESIAN_POINT ( 'NONE',  ( -30.00000014901134904, -132.4999999999999716, 0.5000010132811816277 ) ) ;
#1424 = ORIENTED_EDGE ( 'NONE', *, *, #1535, .F. ) ;
#1425 = DIRECTION ( 'NONE',  ( 0.000000000000000000, 1.000000000000000000, 0.000000000000000000 ) ) ;
#1426 = FACE_OUTER_BOUND ( 'NONE', #1253, .T. ) ;
#1427 = ORIENTED_EDGE ( 'NONE', *, *, #906, .T. ) ;
#1428 = AXIS2_PLACEMENT_3D ( 'NONE', #608, #1241, #1687 ) ;
#1429 = VECTOR ( 'NONE', #431, 1000.000000000000000 ) ;
#1430 = DIRECTION ( 'NONE',  ( 1.000000000000000000, -0.000000000000000000, -0.000000000000000000 ) ) ;
#1431 = CIRCLE ( 'NONE', #1532, 4.174999999999999822 ) ;
#1432 = EDGE_CURVE ( 'NONE', #989, #1912, #1194, .T. ) ;
#1433 = DIRECTION ( 'NONE',  ( 2.168404344971018236E-16, -1.000000000000000000, 0.000000000000000000 ) ) ;
#1434 = FACE_OUTER_BOUND ( 'NONE', #1603, .T. ) ;
#1435 = VERTEX_POINT ( 'NONE', #273 ) ;
#1436 = CARTESIAN_POINT ( 'NONE',  ( -30.00000014901131351, -52.49999999999998579, 0.5000010132811816277 ) ) ;
#1437 = CARTESIAN_POINT ( 'NONE',  ( 6.280590809742008972E-15, -62.49999999999998579, 115.5000010132811781 ) ) ;
#1438 = EDGE_LOOP ( 'NONE', ( #1212, #71, #376, #765 ) ) ;
#1439 = CIRCLE ( 'NONE', #1504, 2.500000000000002220 ) ;
#1440 = VECTOR ( 'NONE', #673, 1000.000000000000000 ) ;
#1441 = CARTESIAN_POINT ( 'NONE',  ( 25.99999999999999645, -100.0000000000000000, 10.50000101328118163 ) ) ;
#1442 = PRODUCT_CONTEXT ( 'NONE', #1480, 'mechanical' ) ;
#1443 = DIRECTION ( 'NONE',  ( -1.000000000000000000, 0.000000000000000000, 0.000000000000000000 ) ) ;
#1444 = DIRECTION ( 'NONE',  ( -0.000000000000000000, -0.000000000000000000, -1.000000000000000000 ) ) ;
#1445 = EDGE_CURVE ( 'NONE', #1499, #552, #1950, .T. ) ;
#1446 = ORIENTED_EDGE ( 'NONE', *, *, #440, .T. ) ;
#1447 = CARTESIAN_POINT ( 'NONE',  ( -35.00000014901134904, -96.00000000000000000, 0.5000010132811816277 ) ) ;
#1448 = VERTEX_POINT ( 'NONE', #1359 ) ;
#1449 = DIRECTION ( 'NONE',  ( -1.156482311573604782E-16, 1.000000000000000000, 6.123233995736766036E-17 ) ) ;
#1450 = EDGE_LOOP ( 'NONE', ( #617, #755 ) ) ;
#1451 = EDGE_LOOP ( 'NONE', ( #1466, #1154, #1689, #1239 ) ) ;
#1452 = PRESENTATION_STYLE_ASSIGNMENT (( #1740 ) ) ;
#1453 = DIRECTION ( 'NONE',  ( -1.000000000000000000, 0.000000000000000000, 0.000000000000000000 ) ) ;
#1454 = CARTESIAN_POINT ( 'NONE',  ( 30.00000014900970058, -57.49999999999997158, 0.5000010132811816277 ) ) ;
#1455 = ORIENTED_EDGE ( 'NONE', *, *, #68, .F. ) ;
#1456 = DIRECTION ( 'NONE',  ( 1.000000000000000000, 0.000000000000000000, 0.000000000000000000 ) ) ;
#1457 = VERTEX_POINT ( 'NONE', #576 ) ;
#1458 = ORIENTED_EDGE ( 'NONE', *, *, #939, .T. ) ;
#1459 = ORIENTED_EDGE ( 'NONE', *, *, #1130, .T. ) ;
#1460 = EDGE_CURVE ( 'NONE', #1646, #1981, #1181, .T. ) ;
#1461 = VECTOR ( 'NONE', #590, 1000.000000000000000 ) ;
#1462 = DIRECTION ( 'NONE',  ( 1.156482311573604782E-16, -1.000000000000000000, 0.000000000000000000 ) ) ;
#1463 = AXIS2_PLACEMENT_3D ( 'NONE', #48, #205, #529 ) ;
#1464 = FACE_OUTER_BOUND ( 'NONE', #1346, .T. ) ;
#1465 = DIRECTION ( 'NONE',  ( -0.000000000000000000, -0.000000000000000000, -1.000000000000000000 ) ) ;
#1466 = ORIENTED_EDGE ( 'NONE', *, *, #938, .T. ) ;
#1467 = LINE ( 'NONE', #237, #1541 ) ;
#1468 = EDGE_LOOP ( 'NONE', ( #1127, #1843, #995, #1857 ) ) ;
#1469 = ORIENTED_EDGE ( 'NONE', *, *, #1587, .F. ) ;
#1470 = CARTESIAN_POINT ( 'NONE',  ( -35.00000014901134904, -96.00000000000000000, 0.5000010132811816277 ) ) ;
#1471 = AXIS2_PLACEMENT_3D ( 'NONE', #43, #813, #1144 ) ;
#1472 = EDGE_CURVE ( 'NONE', #1304, #1847, #1044, .T. ) ;
#1473 = CARTESIAN_POINT ( 'NONE',  ( -35.00000014901134904, -132.4999999999999432, 10.50000101328118163 ) ) ;
#1474 = FACE_OUTER_BOUND ( 'NONE', #27, .T. ) ;
#1475 = CARTESIAN_POINT ( 'NONE',  ( 30.00000014900966150, -137.4999999999999716, 0.5000010132811816277 ) ) ;
#1476 = ORIENTED_EDGE ( 'NONE', *, *, #570, .F. ) ;
#1477 = CARTESIAN_POINT ( 'NONE',  ( -16.00000000000000000, -123.0000000000000000, 10.50000101328118163 ) ) ;
#1478 = ORIENTED_EDGE ( 'NONE', *, *, #662, .T. ) ;
#1479 = VERTEX_POINT ( 'NONE', #1963 ) ;
#1480 = APPLICATION_CONTEXT ( 'automotive_design' ) ;
#1481 = PLANE ( 'NONE',  #1173 ) ;
#1482 = CARTESIAN_POINT ( 'NONE',  ( 16.00000000000000000, -77.00000000000000000, 0.5000010132811816277 ) ) ;
#1483 = DIRECTION ( 'NONE',  ( -0.000000000000000000, -0.000000000000000000, -1.000000000000000000 ) ) ;
#1484 = ADVANCED_FACE ( 'NONE', ( #1327 ), #437, .F. ) ;
#1485 = EDGE_CURVE ( 'NONE', #14, #1502, #1682, .T. ) ;
#1486 = DIRECTION ( 'NONE',  ( 0.000000000000000000, -0.000000000000000000, 1.000000000000000000 ) ) ;
#1487 = CARTESIAN_POINT ( 'NONE',  ( -30.00000000000165201, -104.0000000000000142, 0.5000010132811816277 ) ) ;
#1488 = VERTEX_POINT ( 'NONE', #897 ) ;
#1489 = FACE_OUTER_BOUND ( 'NONE', #1092, .T. ) ;
#1490 = ORIENTED_EDGE ( 'NONE', *, *, #1485, .F. ) ;
#1491 = ORIENTED_EDGE ( 'NONE', *, *, #1729, .F. ) ;
#1492 = CARTESIAN_POINT ( 'NONE',  ( 11.00000000000002309, -62.49999999999998579, 135.5000010132811781 ) ) ;
#1493 = DIRECTION ( 'NONE',  ( 1.000000000000000000, -0.000000000000000000, -0.000000000000000000 ) ) ;
#1494 = DIRECTION ( 'NONE',  ( 1.000000000000000000, -0.000000000000000000, -0.000000000000000000 ) ) ;
#1495 = CIRCLE ( 'NONE', #1850, 6.500000000000002665 ) ;
#1496 = CIRCLE ( 'NONE', #1174, 2.500000000000002220 ) ;
#1497 = CARTESIAN_POINT ( 'NONE',  ( 30.00000014900970058, -132.4999999999999716, 10.50000101328118163 ) ) ;
#1498 = CARTESIAN_POINT ( 'NONE',  ( -30.00000014901131351, -137.4999999999999716, 10.50000101328118163 ) ) ;
#1499 = VERTEX_POINT ( 'NONE', #129 ) ;
#1500 = EDGE_CURVE ( 'NONE', #402, #1288, #747, .T. ) ;
#1501 = VERTEX_POINT ( 'NONE', #1930 ) ;
#1502 = VERTEX_POINT ( 'NONE', #1205 ) ;
#1503 = DIRECTION ( 'NONE',  ( 1.000000000000000000, 0.000000000000000000, 0.000000000000000000 ) ) ;
#1504 = AXIS2_PLACEMENT_3D ( 'NONE', #1523, #40, #1411 ) ;
#1505 = LINE ( 'NONE', #1184, #172 ) ;
#1506 = FACE_OUTER_BOUND ( 'NONE', #1042, .T. ) ;
#1507 = DIRECTION ( 'NONE',  ( 0.000000000000000000, 0.000000000000000000, 1.000000000000000000 ) ) ;
#1508 = ORIENTED_EDGE ( 'NONE', *, *, #303, .T. ) ;
#1509 = VERTEX_POINT ( 'NONE', #1940 ) ;
#1510 = DIRECTION ( 'NONE',  ( -1.156482311573604782E-16, 1.000000000000000000, 6.123233995736766036E-17 ) ) ;
#1511 = EDGE_CURVE ( 'NONE', #624, #800, #600, .T. ) ;
#1512 = CARTESIAN_POINT ( 'NONE',  ( -35.00000014901134904, -96.00000000000000000, 10.50000101328118163 ) ) ;
#1513 = FACE_OUTER_BOUND ( 'NONE', #976, .T. ) ;
#1514 = VECTOR ( 'NONE', #698, 1000.000000000000000 ) ;
#1515 = CARTESIAN_POINT ( 'NONE',  ( -9.500000000000000000, -123.0000000000000000, 10.50000101328118163 ) ) ;
#1516 = FILL_AREA_STYLE_COLOUR ( '', #171 ) ;
#1517 = EDGE_LOOP ( 'NONE', ( #870, #951, #1231, #997 ) ) ;
#1518 = EDGE_LOOP ( 'NONE', ( #587, #1553, #588, #778 ) ) ;
#1519 = DIRECTION ( 'NONE',  ( 0.000000000000000000, 0.000000000000000000, 1.000000000000000000 ) ) ;
#1520 = FACE_OUTER_BOUND ( 'NONE', #485, .T. ) ;
#1521 = EDGE_CURVE ( 'NONE', #1770, #356, #181, .T. ) ;
#1522 = EDGE_CURVE ( 'NONE', #1646, #1743, #1495, .T. ) ;
#1523 = CARTESIAN_POINT ( 'NONE',  ( 30.00000000000000000, -70.00000000000000000, 0.5000010132811816277 ) ) ;
#1524 = AXIS2_PLACEMENT_3D ( 'NONE', #565, #1510, #1769 ) ;
#1525 = CARTESIAN_POINT ( 'NONE',  ( 19.00000000000002487, -62.49999999999998579, 127.5000010132811781 ) ) ;
#1526 = LINE ( 'NONE', #454, #555 ) ;
#1527 = AXIS2_PLACEMENT_3D ( 'NONE', #418, #1774, #1311 ) ;
#1528 = ORIENTED_EDGE ( 'NONE', *, *, #221, .T. ) ;
#1529 = DIRECTION ( 'NONE',  ( 1.000000000000000000, 0.000000000000000000, 0.000000000000000000 ) ) ;
#1530 = CARTESIAN_POINT ( 'NONE',  ( 30.00000000000000000, -70.00000000000000000, 10.50000101328118163 ) ) ;
#1531 = VERTEX_POINT ( 'NONE', #96 ) ;
#1532 = AXIS2_PLACEMENT_3D ( 'NONE', #1841, #1217, #959 ) ;
#1533 = VECTOR ( 'NONE', #725, 1000.000000000000000 ) ;
#1534 = DIRECTION ( 'NONE',  ( -1.156482311573604782E-16, 1.000000000000000000, 6.123233995736766036E-17 ) ) ;
#1535 = EDGE_CURVE ( 'NONE', #1448, #157, #864, .T. ) ;
#1536 = VECTOR ( 'NONE', #1494, 1000.000000000000000 ) ;
#1537 = DIRECTION ( 'NONE',  ( -0.000000000000000000, -0.000000000000000000, -1.000000000000000000 ) ) ;
#1538 = AXIS2_PLACEMENT_3D ( 'NONE', #833, #664, #1298 ) ;
#1539 = LINE ( 'NONE', #1674, #1853 ) ;
#1540 = ORIENTED_EDGE ( 'NONE', *, *, #462, .T. ) ;
#1541 = VECTOR ( 'NONE', #687, 1000.000000000000000 ) ;
#1542 = CARTESIAN_POINT ( 'NONE',  ( -22.50000000000000000, -92.00000000000004263, 10.50000101328118163 ) ) ;
#1543 = DIRECTION ( 'NONE',  ( -1.000000000000000000, 0.000000000000000000, 0.000000000000000000 ) ) ;
#1544 = ORIENTED_EDGE ( 'NONE', *, *, #1207, .T. ) ;
#1545 = VERTEX_POINT ( 'NONE', #1171 ) ;
#1546 = EDGE_CURVE ( 'NONE', #186, #931, #286, .T. ) ;
#1547 = AXIS2_PLACEMENT_3D ( 'NONE', #1301, #836, #1726 ) ;
#1548 = ORIENTED_EDGE ( 'NONE', *, *, #1139, .F. ) ;
#1549 = ADVANCED_FACE ( 'NONE', ( #874 ), #1481, .T. ) ;
#1550 = DIRECTION ( 'NONE',  ( 0.000000000000000000, 0.000000000000000000, 1.000000000000000000 ) ) ;
#1551 = DIRECTION ( 'NONE',  ( 0.000000000000000000, 1.000000000000000000, 0.000000000000000000 ) ) ;
#1552 = ORIENTED_EDGE ( 'NONE', *, *, #1909, .F. ) ;
#1553 = ORIENTED_EDGE ( 'NONE', *, *, #760, .F. ) ;
#1554 = EDGE_CURVE ( 'NONE', #1509, #1685, #1715, .T. ) ;
#1555 = DIRECTION ( 'NONE',  ( -8.195543980992789655E-17, -5.463695987328526437E-17, 1.000000000000000000 ) ) ;
#1556 = DIRECTION ( 'NONE',  ( 0.000000000000000000, -1.000000000000000000, 0.000000000000000000 ) ) ;
#1557 = VECTOR ( 'NONE', #712, 1000.000000000000000 ) ;
#1558 = EDGE_CURVE ( 'NONE', #1874, #1051, #1080, .T. ) ;
#1559 = VERTEX_POINT ( 'NONE', #933 ) ;
#1560 = VERTEX_POINT ( 'NONE', #943 ) ;
#1561 = CARTESIAN_POINT ( 'NONE',  ( -10.99999999999997691, -52.49999999999998579, 135.5000010132811781 ) ) ;
#1562 = AXIS2_PLACEMENT_3D ( 'NONE', #1763, #392, #1433 ) ;
#1563 = DIRECTION ( 'NONE',  ( -0.000000000000000000, -0.000000000000000000, -1.000000000000000000 ) ) ;
#1564 = LINE ( 'NONE', #1498, #1684 ) ;
#1565 = ORIENTED_EDGE ( 'NONE', *, *, #141, .F. ) ;
#1566 = ORIENTED_EDGE ( 'NONE', *, *, #467, .T. ) ;
#1567 = CARTESIAN_POINT ( 'NONE',  ( 19.00000000000003908, -62.49999999999996447, 10.50000101328118163 ) ) ;
#1568 = ADVANCED_FACE ( 'NONE', ( #1399 ), #490, .F. ) ;
#1569 = DIRECTION ( 'NONE',  ( 0.000000000000000000, -1.000000000000000000, -6.123233995736766036E-17 ) ) ;
#1570 = LINE ( 'NONE', #1910, #1831 ) ;
#1571 = LINE ( 'NONE', #1299, #1271 ) ;
#1572 = EDGE_LOOP ( 'NONE', ( #1835, #1202, #912, #69 ) ) ;
#1573 = LINE ( 'NONE', #1937, #602 ) ;
#1574 = LINE ( 'NONE', #967, #1657 ) ;
#1575 = ORIENTED_EDGE ( 'NONE', *, *, #1168, .F. ) ;
#1576 = EDGE_CURVE ( 'NONE', #1803, #446, #1095, .T. ) ;
#1577 = DIRECTION ( 'NONE',  ( -1.000000000000000000, -1.156482311573604782E-16, -8.195543980992790888E-17 ) ) ;
#1578 = DIRECTION ( 'NONE',  ( 0.000000000000000000, 0.000000000000000000, 1.000000000000000000 ) ) ;
#1579 = DIRECTION ( 'NONE',  ( 0.000000000000000000, -0.000000000000000000, -1.000000000000000000 ) ) ;
#1580 = ORIENTED_EDGE ( 'NONE', *, *, #663, .F. ) ;
#1581 = DIRECTION ( 'NONE',  ( 0.000000000000000000, 0.000000000000000000, 1.000000000000000000 ) ) ;
#1582 = DIRECTION ( 'NONE',  ( -1.000000000000000000, 0.000000000000000000, 0.000000000000000000 ) ) ;
#1583 = VERTEX_POINT ( 'NONE', #627 ) ;
#1584 = CIRCLE ( 'NONE', #1012, 4.999999999999997335 ) ;
#1585 = DIRECTION ( 'NONE',  ( -1.000000000000000000, 0.000000000000000000, 0.000000000000000000 ) ) ;
#1586 = VECTOR ( 'NONE', #1257, 1000.000000000000000 ) ;
#1587 = EDGE_CURVE ( 'NONE', #471, #549, #1994, .T. ) ;
#1588 =( GEOMETRIC_REPRESENTATION_CONTEXT ( 3 ) GLOBAL_UNCERTAINTY_ASSIGNED_CONTEXT ( ( #1702 ) ) GLOBAL_UNIT_ASSIGNED_CONTEXT ( ( #41, #514, #219 ) ) REPRESENTATION_CONTEXT ( 'NONE', 'WORKASPACE' ) );
#1589 = DIRECTION ( 'NONE',  ( -1.156482311573604782E-16, 1.000000000000000000, 6.123233995736766036E-17 ) ) ;
#1590 = DIRECTION ( 'NONE',  ( 1.000000000000000000, 0.000000000000000000, 0.000000000000000000 ) ) ;
#1591 = VERTEX_POINT ( 'NONE', #1376 ) ;
#1592 = CARTESIAN_POINT ( 'NONE',  ( -22.50000000000000000, -77.00000000000000000, 10.50000101328118163 ) ) ;
#1593 = ORIENTED_EDGE ( 'NONE', *, *, #992, .T. ) ;
#1594 = DIRECTION ( 'NONE',  ( -1.000000000000000000, 0.000000000000000000, 0.000000000000000000 ) ) ;
#1595 = VERTEX_POINT ( 'NONE', #1233 ) ;
#1596 = CARTESIAN_POINT ( 'NONE',  ( -35.00000014901134904, -104.0000000000000142, 10.50000101328118163 ) ) ;
#1597 = ADVANCED_FACE ( 'NONE', ( #25 ), #1678, .T. ) ;
#1598 = DIRECTION ( 'NONE',  ( -0.000000000000000000, -0.000000000000000000, -1.000000000000000000 ) ) ;
#1599 = CARTESIAN_POINT ( 'NONE',  ( 30.00000014900966150, -137.4999999999999716, 10.50000101328118163 ) ) ;
#1600 = VERTEX_POINT ( 'NONE', #457 ) ;
#1601 = DIRECTION ( 'NONE',  ( -0.000000000000000000, -0.000000000000000000, -1.000000000000000000 ) ) ;
#1602 = EDGE_CURVE ( 'NONE', #530, #944, #302, .T. ) ;
#1603 = EDGE_LOOP ( 'NONE', ( #1728, #1455, #85, #113 ) ) ;
#1604 = ORIENTED_EDGE ( 'NONE', *, *, #1264, .T. ) ;
#1605 = CIRCLE ( 'NONE', #1869, 6.500000000000000888 ) ;
#1606 = VECTOR ( 'NONE', #1611, 1000.000000000000000 ) ;
#1607 = CARTESIAN_POINT ( 'NONE',  ( -27.49999999999999645, -70.00000000000000000, 10.50000101328118163 ) ) ;
#1608 = CARTESIAN_POINT ( 'NONE',  ( 6.280590809742008972E-15, -62.49999999999998579, 115.5000010132811781 ) ) ;
#1609 = CARTESIAN_POINT ( 'NONE',  ( 3.175000000000007816, -62.49999999999998579, 112.1310249076965704 ) ) ;
#1610 = ORIENTED_EDGE ( 'NONE', *, *, #1554, .F. ) ;
#1611 = DIRECTION ( 'NONE',  ( -0.000000000000000000, -0.000000000000000000, -1.000000000000000000 ) ) ;
#1612 = ORIENTED_EDGE ( 'NONE', *, *, #1693, .F. ) ;
#1613 = ORIENTED_EDGE ( 'NONE', *, *, #1432, .T. ) ;
#1614 = DIRECTION ( 'NONE',  ( 1.000000000000000000, 0.000000000000000000, 0.000000000000000000 ) ) ;
#1615 = EDGE_CURVE ( 'NONE', #283, #1591, #473, .T. ) ;
#1616 = VECTOR ( 'NONE', #101, 1000.000000000000000 ) ;
#1617 = DIRECTION ( 'NONE',  ( 1.000000000000000000, 0.000000000000000000, 0.000000000000000000 ) ) ;
#1618 = CIRCLE ( 'NONE', #542, 2.500000000000002220 ) ;
#1619 = VECTOR ( 'NONE', #1430, 1000.000000000000000 ) ;
#1620 = DIRECTION ( 'NONE',  ( 1.000000000000000000, 0.000000000000000000, 0.000000000000000000 ) ) ;
#1621 = LINE ( 'NONE', #1609, #212 ) ;
#1622 = ORIENTED_EDGE ( 'NONE', *, *, #3, .T. ) ;
#1623 = CARTESIAN_POINT ( 'NONE',  ( -30.00000000000165201, -104.0000000000000142, 0.5000010132811816277 ) ) ;
#1624 = ORIENTED_EDGE ( 'NONE', *, *, #1460, .F. ) ;
#1625 = EDGE_LOOP ( 'NONE', ( #390, #1068, #1782, #1688 ) ) ;
#1626 = CARTESIAN_POINT ( 'NONE',  ( 11.00000000000002309, -62.49999999999998579, 135.5000010132811781 ) ) ;
#1627 = ADVANCED_FACE ( 'NONE', ( #1393 ), #1214, .F. ) ;
#1628 = CIRCLE ( 'NONE', #1026, 2.500000000000002220 ) ;
#1629 = ADVANCED_FACE ( 'NONE', ( #16, #633, #1252, #484, #618, #160, #1707, #1063, #914, #1225 ), #766, .F. ) ;
#1630 = DIRECTION ( 'NONE',  ( 0.000000000000000000, 0.000000000000000000, 1.000000000000000000 ) ) ;
#1631 = CYLINDRICAL_SURFACE ( 'NONE', #190, 2.000000000000000888 ) ;
#1632 = FACE_OUTER_BOUND ( 'NONE', #1518, .T. ) ;
#1633 = ORIENTED_EDGE ( 'NONE', *, *, #1162, .F. ) ;
#1634 = CARTESIAN_POINT ( 'NONE',  ( -22.50000000000000000, -123.0000000000000000, 10.50000101328118163 ) ) ;
#1635 = ORIENTED_EDGE ( 'NONE', *, *, #1975, .F. ) ;
#1636 = EDGE_LOOP ( 'NONE', ( #1476, #1903, #227, #1593 ) ) ;
#1637 = VECTOR ( 'NONE', #901, 1000.000000000000000 ) ;
#1638 = DIRECTION ( 'NONE',  ( -0.000000000000000000, -0.000000000000000000, -1.000000000000000000 ) ) ;
#1639 = DIRECTION ( 'NONE',  ( 0.000000000000000000, 0.000000000000000000, 1.000000000000000000 ) ) ;
#1640 = AXIS2_PLACEMENT_3D ( 'NONE', #274, #426, #1360 ) ;
#1641 = EDGE_CURVE ( 'NONE', #1776, #1914, #339, .T. ) ;
#1642 = PLANE ( 'NONE',  #827 ) ;
#1643 = EDGE_CURVE ( 'NONE', #983, #1828, #1584, .T. ) ;
#1644 = DIRECTION ( 'NONE',  ( -1.000000000000000000, 0.000000000000000000, 0.000000000000000000 ) ) ;
#1645 = DIRECTION ( 'NONE',  ( -1.000000000000000000, 0.000000000000000000, 0.000000000000000000 ) ) ;
#1646 = VERTEX_POINT ( 'NONE', #1367 ) ;
#1647 = CYLINDRICAL_SURFACE ( 'NONE', #1160, 6.500000000000002665 ) ;
#1648 = VERTEX_POINT ( 'NONE', #1983 ) ;
#1649 = ORIENTED_EDGE ( 'NONE', *, *, #1654, .T. ) ;
#1650 = DIRECTION ( 'NONE',  ( 0.000000000000000000, 0.000000000000000000, 1.000000000000000000 ) ) ;
#1651 = FACE_OUTER_BOUND ( 'NONE', #640, .T. ) ;
#1652 = LINE ( 'NONE', #1198, #1086 ) ;
#1653 = VECTOR ( 'NONE', #1408, 1000.000000000000000 ) ;
#1654 = EDGE_CURVE ( 'NONE', #1591, #1559, #66, .T. ) ;
#1655 = CARTESIAN_POINT ( 'NONE',  ( 17.50000000000000355, -108.0000000000000000, 0.5000010132811816277 ) ) ;
#1656 =( LENGTH_UNIT ( ) NAMED_UNIT ( * ) SI_UNIT ( .MILLI., .METRE. ) );
#1657 = VECTOR ( 'NONE', #750, 1000.000000000000000 ) ;
#1658 = ORIENTED_EDGE ( 'NONE', *, *, #440, .F. ) ;
#1659 = ORIENTED_EDGE ( 'NONE', *, *, #1162, .T. ) ;
#1660 = EDGE_LOOP ( 'NONE', ( #1882, #1007, #1203, #1170, #881, #859, #1023, #63 ) ) ;
#1661 = DIRECTION ( 'NONE',  ( -1.000000000000000000, 0.000000000000000000, 0.000000000000000000 ) ) ;
#1662 = DIRECTION ( 'NONE',  ( 0.000000000000000000, 0.000000000000000000, -1.000000000000000000 ) ) ;
#1663 = CARTESIAN_POINT ( 'NONE',  ( 3.174999999999990496, -62.49999999999997868, 20.50000101328118518 ) ) ;
#1664 = CARTESIAN_POINT ( 'NONE',  ( -30.00000000000165201, -96.00000000000000000, 10.50000101328118163 ) ) ;
#1665 = CARTESIAN_POINT ( 'NONE',  ( 30.00000014900966150, -137.4999999999999716, 10.50000101328118163 ) ) ;
#1666 = VERTEX_POINT ( 'NONE', #674 ) ;
#1667 = VERTEX_POINT ( 'NONE', #1890 ) ;
#1668 = CARTESIAN_POINT ( 'NONE',  ( -17.50000000000000000, -108.0000000000000000, 10.50000101328118163 ) ) ;
#1669 = EDGE_CURVE ( 'NONE', #1828, #1501, #1880, .T. ) ;
#1670 = DIRECTION ( 'NONE',  ( 1.000000000000000000, 0.000000000000000000, 0.000000000000000000 ) ) ;
#1671 = DIRECTION ( 'NONE',  ( 1.000000000000000000, 0.000000000000000000, 0.000000000000000000 ) ) ;
#1672 = CIRCLE ( 'NONE', #810, 6.500000000000002665 ) ;
#1673 = LINE ( 'NONE', #306, #449 ) ;
#1674 = CARTESIAN_POINT ( 'NONE',  ( 30.00000014900966150, -137.4999999999999716, 10.50000101328118163 ) ) ;
#1675 = ORIENTED_EDGE ( 'NONE', *, *, #939, .F. ) ;
#1676 = EDGE_LOOP ( 'NONE', ( #1091, #745, #1945, #229, #213, #291, #413, #1895 ) ) ;
#1677 = DIRECTION ( 'NONE',  ( 0.000000000000000000, 0.000000000000000000, 1.000000000000000000 ) ) ;
#1678 = CYLINDRICAL_SURFACE ( 'NONE', #1428, 8.000000000000005329 ) ;
#1679 = CARTESIAN_POINT ( 'NONE',  ( 30.00000000000000000, -130.0000000000000000, 10.50000101328118163 ) ) ;
#1680 = EDGE_CURVE ( 'NONE', #474, #1874, #1571, .T. ) ;
#1681 = LINE ( 'NONE', #501, #382 ) ;
#1682 = CIRCLE ( 'NONE', #1400, 6.500000000000000888 ) ;
#1683 = CARTESIAN_POINT ( 'NONE',  ( -18.99999999999997158, -62.49999999999998579, 127.5000010132811781 ) ) ;
#1684 = VECTOR ( 'NONE', #1028, 1000.000000000000000 ) ;
#1685 = VERTEX_POINT ( 'NONE', #194 ) ;
#1686 = LINE ( 'NONE', #322, #222 ) ;
#1687 = DIRECTION ( 'NONE',  ( -1.000000000000000000, 0.000000000000000000, 0.000000000000000000 ) ) ;
#1688 = ORIENTED_EDGE ( 'NONE', *, *, #1964, .T. ) ;
#1689 = ORIENTED_EDGE ( 'NONE', *, *, #1794, .F. ) ;
#1690 = VECTOR ( 'NONE', #1137, 1000.000000000000000 ) ;
#1691 = CIRCLE ( 'NONE', #415, 2.500000000000002220 ) ;
#1692 = EDGE_CURVE ( 'NONE', #225, #203, #1871, .T. ) ;
#1693 = EDGE_CURVE ( 'NONE', #95, #1790, #1123, .T. ) ;
#1694 = CIRCLE ( 'NONE', #419, 5.000000000000002665 ) ;
#1695 = AXIS2_PLACEMENT_3D ( 'NONE', #354, #242, #1453 ) ;
#1696 = DIRECTION ( 'NONE',  ( -0.000000000000000000, -0.000000000000000000, -1.000000000000000000 ) ) ;
#1697 = ORIENTED_EDGE ( 'NONE', *, *, #467, .F. ) ;
#1698 = DIRECTION ( 'NONE',  ( -1.000000000000000000, 0.000000000000000000, 0.000000000000000000 ) ) ;
#1699 = DIRECTION ( 'NONE',  ( -0.000000000000000000, 0.000000000000000000, -1.000000000000000000 ) ) ;
#1700 = VERTEX_POINT ( 'NONE', #823 ) ;
#1701 = CARTESIAN_POINT ( 'NONE',  ( -18.99999999999995381, -132.4999999999999716, 10.50000101328118163 ) ) ;
#1702 = UNCERTAINTY_MEASURE_WITH_UNIT (LENGTH_MEASURE( 1.000000000000000082E-05 ), #41, 'distance_accuracy_value', 'NONE');
#1703 = ADVANCED_FACE ( 'NONE', ( #498 ), #656, .T. ) ;
#1704 = ADVANCED_FACE ( 'NONE', ( #224 ), #202, .F. ) ;
#1705 = VECTOR ( 'NONE', #572, 1000.000000000000000 ) ;
#1706 = DIRECTION ( 'NONE',  ( -0.000000000000000000, -0.000000000000000000, -1.000000000000000000 ) ) ;
#1707 = FACE_BOUND ( 'NONE', #937, .T. ) ;
#1708 = VECTOR ( 'NONE', #807, 1000.000000000000000 ) ;
#1709 = EDGE_LOOP ( 'NONE', ( #1919, #38, #271, #924 ) ) ;
#1710 = VERTEX_POINT ( 'NONE', #805 ) ;
#1711 = FACE_OUTER_BOUND ( 'NONE', #680, .T. ) ;
#1712 = EDGE_CURVE ( 'NONE', #1770, #965, #1414, .T. ) ;
#1713 = LINE ( 'NONE', #472, #1786 ) ;
#1714 = DIRECTION ( 'NONE',  ( -1.156482311573604782E-16, 1.000000000000000000, 6.123233995736766036E-17 ) ) ;
#1715 = CIRCLE ( 'NONE', #1307, 2.000000000000000888 ) ;
#1716 = ORIENTED_EDGE ( 'NONE', *, *, #369, .T. ) ;
#1717 = ORIENTED_EDGE ( 'NONE', *, *, #1472, .F. ) ;
#1718 = DIRECTION ( 'NONE',  ( 1.000000000000000000, 0.000000000000000000, 0.000000000000000000 ) ) ;
#1719 = AXIS2_PLACEMENT_3D ( 'NONE', #949, #1677, #1232 ) ;
#1720 = CARTESIAN_POINT ( 'NONE',  ( 4.175000000000005151, -52.49999999999998579, 115.5000010132811781 ) ) ;
#1721 = AXIS2_PLACEMENT_3D ( 'NONE', #1732, #210, #1113 ) ;
#1722 = FACE_OUTER_BOUND ( 'NONE', #1270, .T. ) ;
#1723 = DIRECTION ( 'NONE',  ( -1.000000000000000000, 0.000000000000000000, 0.000000000000000000 ) ) ;
#1724 = EDGE_CURVE ( 'NONE', #1051, #283, #386, .T. ) ;
#1725 = ORIENTED_EDGE ( 'NONE', *, *, #163, .F. ) ;
#1726 = DIRECTION ( 'NONE',  ( 1.000000000000000000, 0.000000000000000000, 0.000000000000000000 ) ) ;
#1727 = CARTESIAN_POINT ( 'NONE',  ( 6.280590809742008972E-15, -62.49999999999998579, 115.5000010132811781 ) ) ;
#1728 = ORIENTED_EDGE ( 'NONE', *, *, #208, .T. ) ;
#1729 = EDGE_CURVE ( 'NONE', #1743, #1646, #287, .T. ) ;
#1730 = DIRECTION ( 'NONE',  ( 0.000000000000000000, 0.000000000000000000, 1.000000000000000000 ) ) ;
#1731 =( GEOMETRIC_REPRESENTATION_CONTEXT ( 3 ) GLOBAL_UNCERTAINTY_ASSIGNED_CONTEXT ( ( #909 ) ) GLOBAL_UNIT_ASSIGNED_CONTEXT ( ( #1656, #135, #615 ) ) REPRESENTATION_CONTEXT ( 'NONE', 'WORKASPACE' ) );
#1732 = CARTESIAN_POINT ( 'NONE',  ( 5.175000000000006928, -62.49999999999998579, 112.1310249076965704 ) ) ;
#1733 = CARTESIAN_POINT ( 'NONE',  ( -17.49999999999996447, -113.0000000000000000, 10.50000101328118163 ) ) ;
#1734 = PRESENTATION_LAYER_ASSIGNMENT (  '', '', ( #629 ) ) ;
#1735 = ORIENTED_EDGE ( 'NONE', *, *, #779, .F. ) ;
#1736 = CARTESIAN_POINT ( 'NONE',  ( 35.00000014900969347, -96.00000000000000000, 10.50000101328118163 ) ) ;
#1737 = DIRECTION ( 'NONE',  ( -0.000000000000000000, -0.000000000000000000, -1.000000000000000000 ) ) ;
#1738 = ORIENTED_EDGE ( 'NONE', *, *, #75, .F. ) ;
#1739 = ADVANCED_FACE ( 'NONE', ( #1434 ), #814, .F. ) ;
#1740 = SURFACE_STYLE_USAGE ( .BOTH. , #1896 ) ;
#1741 = DIRECTION ( 'NONE',  ( 1.000000000000000000, 0.000000000000000000, -0.000000000000000000 ) ) ;
#1742 = FACE_OUTER_BOUND ( 'NONE', #1315, .T. ) ;
#1743 = VERTEX_POINT ( 'NONE', #1899 ) ;
#1744 = DIRECTION ( 'NONE',  ( -0.000000000000000000, -0.000000000000000000, -1.000000000000000000 ) ) ;
#1745 = ORIENTED_EDGE ( 'NONE', *, *, #86, .F. ) ;
#1746 = CYLINDRICAL_SURFACE ( 'NONE', #666, 7.999999999999998224 ) ;
#1747 = ORIENTED_EDGE ( 'NONE', *, *, #1115, .F. ) ;
#1748 = AXIS2_PLACEMENT_3D ( 'NONE', #1266, #506, #44 ) ;
#1749 = CIRCLE ( 'NONE', #536, 8.000000000000005329 ) ;
#1750 = ORIENTED_EDGE ( 'NONE', *, *, #1729, .T. ) ;
#1751 = EDGE_CURVE ( 'NONE', #989, #320, #1749, .T. ) ;
#1752 = CARTESIAN_POINT ( 'NONE',  ( -30.00000014901134904, -57.49999999999997868, 0.5000010132811816277 ) ) ;
#1753 = EDGE_CURVE ( 'NONE', #105, #1776, #798, .T. ) ;
#1754 = CARTESIAN_POINT ( 'NONE',  ( 16.00000000000000000, -123.0000000000000000, 10.50000101328118163 ) ) ;
#1755 = CARTESIAN_POINT ( 'NONE',  ( -18.99999999999997868, -62.49999999999998579, 127.5000010132811781 ) ) ;
#1756 = VERTEX_POINT ( 'NONE', #1286 ) ;
#1757 = LINE ( 'NONE', #204, #1606 ) ;
#1758 = ORIENTED_EDGE ( 'NONE', *, *, #1823, .F. ) ;
#1759 = ORIENTED_EDGE ( 'NONE', *, *, #589, .F. ) ;
#1760 = DIRECTION ( 'NONE',  ( 0.000000000000000000, 0.000000000000000000, 1.000000000000000000 ) ) ;
#1761 = PRESENTATION_LAYER_ASSIGNMENT (  '', '', ( #841 ) ) ;
#1762 = EDGE_CURVE ( 'NONE', #800, #95, #1404, .T. ) ;
#1763 = CARTESIAN_POINT ( 'NONE',  ( 22.50000000000000355, -92.00000000000004263, 10.50000101328118163 ) ) ;
#1764 = PLANE ( 'NONE',  #22 ) ;
#1765 = ORIENTED_EDGE ( 'NONE', *, *, #1933, .T. ) ;
#1766 = DIRECTION ( 'NONE',  ( -1.000000000000000000, 0.000000000000000000, 0.000000000000000000 ) ) ;
#1767 = ORIENTED_EDGE ( 'NONE', *, *, #783, .T. ) ;
#1768 = VERTEX_POINT ( 'NONE', #525 ) ;
#1769 = DIRECTION ( 'NONE',  ( -1.000000000000000000, 0.000000000000000000, 0.000000000000000000 ) ) ;
#1770 = VERTEX_POINT ( 'NONE', #1133 ) ;
#1771 = VECTOR ( 'NONE', #527, 1000.000000000000000 ) ;
#1772 = CARTESIAN_POINT ( 'NONE',  ( -3.175000000000009592, -62.49999999999997868, 20.50000101328118518 ) ) ;
#1773 = PLANE ( 'NONE',  #132 ) ;
#1774 = DIRECTION ( 'NONE',  ( -0.000000000000000000, -0.000000000000000000, -1.000000000000000000 ) ) ;
#1775 = ADVANCED_FACE ( 'NONE', ( #1742 ), #345, .F. ) ;
#1776 = VERTEX_POINT ( 'NONE', #956 ) ;
#1777 = DIRECTION ( 'NONE',  ( -0.000000000000000000, -0.000000000000000000, -1.000000000000000000 ) ) ;
#1778 = ORIENTED_EDGE ( 'NONE', *, *, #1947, .F. ) ;
#1779 = ORIENTED_EDGE ( 'NONE', *, *, #692, .T. ) ;
#1780 = CARTESIAN_POINT ( 'NONE',  ( -17.50000000000000000, -92.00000000000001421, 10.50000101328118163 ) ) ;
#1781 = EDGE_CURVE ( 'NONE', #1365, #95, #1564, .T. ) ;
#1782 = ORIENTED_EDGE ( 'NONE', *, *, #1643, .F. ) ;
#1783 = VECTOR ( 'NONE', #1033, 1000.000000000000000 ) ;
#1784 = AXIS2_PLACEMENT_3D ( 'NONE', #1454, #1038, #112 ) ;
#1785 = LINE ( 'NONE', #566, #1536 ) ;
#1786 = VECTOR ( 'NONE', #182, 1000.000000000000000 ) ;
#1787 = CIRCLE ( 'NONE', #1992, 4.999999999999997335 ) ;
#1788 = DIRECTION ( 'NONE',  ( 1.000000000000000000, 0.000000000000000000, 0.000000000000000000 ) ) ;
#1789 = DIRECTION ( 'NONE',  ( -1.000000000000000000, 0.000000000000000000, 0.000000000000000000 ) ) ;
#1790 = VERTEX_POINT ( 'NONE', #1475 ) ;
#1791 = LINE ( 'NONE', #421, #652 ) ;
#1792 = ORIENTED_EDGE ( 'NONE', *, *, #865, .T. ) ;
#1793 = ORIENTED_EDGE ( 'NONE', *, *, #1751, .T. ) ;
#1794 = EDGE_CURVE ( 'NONE', #1031, #105, #1944, .T. ) ;
#1795 = CARTESIAN_POINT ( 'NONE',  ( 27.49999999999999645, -130.0000000000000000, 10.50000101328118163 ) ) ;
#1796 = CYLINDRICAL_SURFACE ( 'NONE', #1640, 2.500000000000002220 ) ;
#1797 = AXIS2_PLACEMENT_3D ( 'NONE', #1752, #1730, #970 ) ;
#1798 = ADVANCED_FACE ( 'NONE', ( #1632 ), #267, .F. ) ;
#1799 = AXIS2_PLACEMENT_3D ( 'NONE', #1608, #857, #524 ) ;
#1800 = CARTESIAN_POINT ( 'NONE',  ( 3.175000000000006484, -52.49999999999998579, 112.1310249076965704 ) ) ;
#1801 = DIRECTION ( 'NONE',  ( -1.156482311573604782E-16, 1.000000000000000000, 6.123233995736766036E-17 ) ) ;
#1802 = CARTESIAN_POINT ( 'NONE',  ( -30.00000014901131351, -52.49999999999998579, 10.50000101328118163 ) ) ;
#1803 = VERTEX_POINT ( 'NONE', #102 ) ;
#1804 = CARTESIAN_POINT ( 'NONE',  ( -3.498886639676105581, -62.49999999999998579, 113.2221912576834910 ) ) ;
#1805 = ORIENTED_EDGE ( 'NONE', *, *, #1522, .F. ) ;
#1806 = ORIENTED_EDGE ( 'NONE', *, *, #1987, .T. ) ;
#1807 = DIRECTION ( 'NONE',  ( -0.000000000000000000, -0.000000000000000000, -1.000000000000000000 ) ) ;
#1808 = CARTESIAN_POINT ( 'NONE',  ( 16.00000000000000000, -123.0000000000000000, 0.5000010132811816277 ) ) ;
#1809 = AXIS2_PLACEMENT_3D ( 'NONE', #1808, #1639, #459 ) ;
#1810 = EDGE_CURVE ( 'NONE', #512, #521, #568, .T. ) ;
#1811 = FACE_OUTER_BOUND ( 'NONE', #631, .T. ) ;
#1812 = AXIS2_PLACEMENT_3D ( 'NONE', #1386, #650, #1260 ) ;
#1813 = DIRECTION ( 'NONE',  ( -0.000000000000000000, -0.000000000000000000, -1.000000000000000000 ) ) ;
#1814 = DIRECTION ( 'NONE',  ( 1.000000000000000000, 0.000000000000000000, 0.000000000000000000 ) ) ;
#1815 = ORIENTED_EDGE ( 'NONE', *, *, #1654, .F. ) ;
#1816 = ORIENTED_EDGE ( 'NONE', *, *, #235, .F. ) ;
#1817 = ORIENTED_EDGE ( 'NONE', *, *, #1139, .T. ) ;
#1818 = LINE ( 'NONE', #885, #1461 ) ;
#1819 = CARTESIAN_POINT ( 'NONE',  ( -5.174999999999992717, -62.49999999999998579, 112.1310249076965704 ) ) ;
#1820 = CARTESIAN_POINT ( 'NONE',  ( 22.50000000000000355, -92.00000000000004263, 10.50000101328118163 ) ) ;
#1821 = AXIS2_PLACEMENT_3D ( 'NONE', #430, #1620, #741 ) ;
#1822 = PRODUCT_RELATED_PRODUCT_CATEGORY ( 'part', '', ( #1228 ) ) ;
#1823 = EDGE_CURVE ( 'NONE', #1914, #1501, #661, .T. ) ;
#1824 = CARTESIAN_POINT ( 'NONE',  ( 17.50000000000000000, -92.00000000000001421, 10.50000101328118163 ) ) ;
#1825 = CARTESIAN_POINT ( 'NONE',  ( -30.00000014901135614, -62.49999999999997158, 10.50000101328118163 ) ) ;
#1826 = AXIS2_PLACEMENT_3D ( 'NONE', #1727, #651, #358 ) ;
#1827 = ORIENTED_EDGE ( 'NONE', *, *, #692, .F. ) ;
#1828 = VERTEX_POINT ( 'NONE', #880 ) ;
#1829 = DIRECTION ( 'NONE',  ( -0.000000000000000000, -0.000000000000000000, -1.000000000000000000 ) ) ;
#1830 = CYLINDRICAL_SURFACE ( 'NONE', #1098, 6.500000000000002665 ) ;
#1831 = VECTOR ( 'NONE', #1002, 1000.000000000000000 ) ;
#1832 = DIRECTION ( 'NONE',  ( -1.000000000000000000, 0.000000000000000000, 0.000000000000000000 ) ) ;
#1833 = LINE ( 'NONE', #1525, #372 ) ;
#1834 = DIRECTION ( 'NONE',  ( -1.000000000000000000, -1.156482311573604782E-16, 0.000000000000000000 ) ) ;
#1835 = ORIENTED_EDGE ( 'NONE', *, *, #888, .F. ) ;
#1836 = EDGE_CURVE ( 'NONE', #1700, #1595, #1496, .T. ) ;
#1837 = ORIENTED_EDGE ( 'NONE', *, *, #397, .T. ) ;
#1838 = LINE ( 'NONE', #1413, #1 ) ;
#1839 = CARTESIAN_POINT ( 'NONE',  ( -30.00000000000165201, -96.00000000000000000, 10.50000101328118163 ) ) ;
#1840 = DIRECTION ( 'NONE',  ( 1.000000000000000000, 0.000000000000000000, 0.000000000000000000 ) ) ;
#1841 = CARTESIAN_POINT ( 'NONE',  ( 5.124108498168404436E-15, -52.49999999999998579, 115.5000010132811781 ) ) ;
#1842 = CARTESIAN_POINT ( 'NONE',  ( -30.00000014901131351, -137.4999999999999716, 10.50000101328118163 ) ) ;
#1843 = ORIENTED_EDGE ( 'NONE', *, *, #926, .T. ) ;
#1844 = LINE ( 'NONE', #1078, #935 ) ;
#1845 = CARTESIAN_POINT ( 'NONE',  ( 17.49999999999996803, -87.00000000000001421, 0.5000010132811816277 ) ) ;
#1846 = ADVANCED_FACE ( 'NONE', ( #243, #1321, #890, #548, #1153, #858, #1165, #393, #1015, #1958 ), #1764, .T. ) ;
#1847 = VERTEX_POINT ( 'NONE', #1487 ) ;
#1848 = DIRECTION ( 'NONE',  ( -0.000000000000000000, -0.000000000000000000, -1.000000000000000000 ) ) ;
#1849 = ADVANCED_FACE ( 'NONE', ( #718 ), #595, .F. ) ;
#1850 = AXIS2_PLACEMENT_3D ( 'NONE', #553, #401, #1614 ) ;
#1851 = LINE ( 'NONE', #630, #119 ) ;
#1852 = APPLICATION_PROTOCOL_DEFINITION ( 'draft international standard', 'automotive_design', 1998, #1480 ) ;
#1853 = VECTOR ( 'NONE', #307, 1000.000000000000000 ) ;
#1854 = ORIENTED_EDGE ( 'NONE', *, *, #977, .T. ) ;
#1855 = CARTESIAN_POINT ( 'NONE',  ( 32.50000000000000000, -70.00000000000000000, 10.50000101328118163 ) ) ;
#1856 = DIRECTION ( 'NONE',  ( -1.000000000000000000, 0.000000000000000000, 0.000000000000000000 ) ) ;
#1857 = ORIENTED_EDGE ( 'NONE', *, *, #916, .F. ) ;
#1858 = CARTESIAN_POINT ( 'NONE',  ( -30.00000000000165201, -100.0000000000000000, 10.50000101328118163 ) ) ;
#1859 = EDGE_CURVE ( 'NONE', #1583, #471, #925, .T. ) ;
#1860 = CIRCLE ( 'NONE', #867, 2.500000000000002220 ) ;
#1861 = ORIENTED_EDGE ( 'NONE', *, *, #496, .T. ) ;
#1862 = CARTESIAN_POINT ( 'NONE',  ( -17.49999999999996803, -87.00000000000001421, 0.5000010132811816277 ) ) ;
#1863 = DIRECTION ( 'NONE',  ( 0.000000000000000000, 1.000000000000000000, -0.000000000000000000 ) ) ;
#1864 = ORIENTED_EDGE ( 'NONE', *, *, #28, .T. ) ;
#1865 = ORIENTED_EDGE ( 'NONE', *, *, #3, .F. ) ;
#1866 =( GEOMETRIC_REPRESENTATION_CONTEXT ( 3 ) GLOBAL_UNCERTAINTY_ASSIGNED_CONTEXT ( ( #1387 ) ) GLOBAL_UNIT_ASSIGNED_CONTEXT ( ( #1389, #174, #479 ) ) REPRESENTATION_CONTEXT ( 'NONE', 'WORKASPACE' ) );
#1867 = EDGE_CURVE ( 'NONE', #1873, #851, #375, .T. ) ;
#1868 = DIRECTION ( 'NONE',  ( -1.156482311573604782E-16, 1.000000000000000000, 6.123233995736766036E-17 ) ) ;
#1869 = AXIS2_PLACEMENT_3D ( 'NONE', #1206, #1045, #1670 ) ;
#1870 = CARTESIAN_POINT ( 'NONE',  ( 17.49999999999996803, -87.00000000000001421, 10.50000101328118163 ) ) ;
#1871 = LINE ( 'NONE', #1733, #729 ) ;
#1872 = VECTOR ( 'NONE', #787, 1000.000000000000000 ) ;
#1873 = VERTEX_POINT ( 'NONE', #233 ) ;
#1874 = VERTEX_POINT ( 'NONE', #90 ) ;
#1875 = CARTESIAN_POINT ( 'NONE',  ( -30.00000000000000000, -70.00000000000000000, 0.5000010132811816277 ) ) ;
#1876 = CARTESIAN_POINT ( 'NONE',  ( 17.49999999999997158, -113.0000000000000000, 10.50000101328118163 ) ) ;
#1877 = PRODUCT_DEFINITION ( '未知', '', #751, #1247 ) ;
#1878 = EDGE_CURVE ( 'NONE', #1874, #196, #1189, .T. ) ;
#1879 = FACE_OUTER_BOUND ( 'NONE', #764, .T. ) ;
#1880 = LINE ( 'NONE', #30, #154 ) ;
#1881 = VECTOR ( 'NONE', #1551, 1000.000000000000000 ) ;
#1882 = ORIENTED_EDGE ( 'NONE', *, *, #1602, .T. ) ;
#1883 = CYLINDRICAL_SURFACE ( 'NONE', #1099, 2.500000000000002220 ) ;
#1884 = CARTESIAN_POINT ( 'NONE',  ( -32.50000000000000000, -130.0000000000000000, 10.50000101328118163 ) ) ;
#1885 = ORIENTED_EDGE ( 'NONE', *, *, #1047, .T. ) ;
#1886 = CIRCLE ( 'NONE', #1347, 6.500000000000000888 ) ;
#1887 = AXIS2_PLACEMENT_3D ( 'NONE', #556, #1967, #1932 ) ;
#1888 = CIRCLE ( 'NONE', #513, 5.000000000000000888 ) ;
#1889 = CARTESIAN_POINT ( 'NONE',  ( 30.00000000000000000, -96.00000000000000000, 10.50000101328118163 ) ) ;
#1890 = CARTESIAN_POINT ( 'NONE',  ( -27.49999999999999645, -130.0000000000000000, 0.5000010132811816277 ) ) ;
#1891 = EDGE_CURVE ( 'NONE', #1358, #528, #1621, .T. ) ;
#1892 = ORIENTED_EDGE ( 'NONE', *, *, #152, .F. ) ;
#1893 = CARTESIAN_POINT ( 'NONE',  ( -32.50000000000000000, -130.0000000000000000, 10.50000101328118163 ) ) ;
#1894 = CARTESIAN_POINT ( 'NONE',  ( 4.857225591424961508E-15, -62.49999999999997868, 20.50000101328118163 ) ) ;
#1895 = ORIENTED_EDGE ( 'NONE', *, *, #198, .F. ) ;
#1896 = SURFACE_SIDE_STYLE ('',( #362 ) ) ;
#1897 = VECTOR ( 'NONE', #21, 1000.000000000000000 ) ;
#1898 = FACE_OUTER_BOUND ( 'NONE', #1223, .T. ) ;
#1899 = CARTESIAN_POINT ( 'NONE',  ( 22.50000000000000355, -77.00000000000000000, 10.50000101328118163 ) ) ;
#1900 = VECTOR ( 'NONE', #882, 1000.000000000000000 ) ;
#1901 = EDGE_LOOP ( 'NONE', ( #491, #1750, #1018, #1397 ) ) ;
#1902 = DIRECTION ( 'NONE',  ( -0.000000000000000000, -0.000000000000000000, -1.000000000000000000 ) ) ;
#1903 = ORIENTED_EDGE ( 'NONE', *, *, #1500, .F. ) ;
#1904 = DIRECTION ( 'NONE',  ( 1.000000000000000000, 0.000000000000000000, 0.000000000000000000 ) ) ;
#1905 = ORIENTED_EDGE ( 'NONE', *, *, #832, .F. ) ;
#1906 = EDGE_CURVE ( 'NONE', #508, #1032, #1953, .T. ) ;
#1907 = AXIS2_PLACEMENT_3D ( 'NONE', #709, #1601, #1766 ) ;
#1908 = EDGE_LOOP ( 'NONE', ( #1081, #31, #82, #1725 ) ) ;
#1909 = EDGE_CURVE ( 'NONE', #1970, #1790, #994, .T. ) ;
#1910 = CARTESIAN_POINT ( 'NONE',  ( 25.99999999999999645, -100.0000000000000000, 10.50000101328118163 ) ) ;
#1911 = DIRECTION ( 'NONE',  ( -0.000000000000000000, -0.000000000000000000, -1.000000000000000000 ) ) ;
#1912 = VERTEX_POINT ( 'NONE', #256 ) ;
#1913 = FACE_OUTER_BOUND ( 'NONE', #94, .T. ) ;
#1914 = VERTEX_POINT ( 'NONE', #1330 ) ;
#1915 = DIRECTION ( 'NONE',  ( 0.000000000000000000, 0.000000000000000000, 1.000000000000000000 ) ) ;
#1916 = ORIENTED_EDGE ( 'NONE', *, *, #1047, .F. ) ;
#1917 = VECTOR ( 'NONE', #1714, 1000.000000000000000 ) ;
#1918 = ADVANCED_FACE ( 'NONE', ( #773 ), #1396, .F. ) ;
#1919 = ORIENTED_EDGE ( 'NONE', *, *, #488, .F. ) ;
#1920 = VECTOR ( 'NONE', #908, 1000.000000000000000 ) ;
#1921 = EDGE_CURVE ( 'NONE', #1365, #1970, #1539, .T. ) ;
#1922 = DIRECTION ( 'NONE',  ( 0.000000000000000000, 0.000000000000000000, 1.000000000000000000 ) ) ;
#1923 = CARTESIAN_POINT ( 'NONE',  ( -22.50000000000000000, -92.00000000000004263, 10.50000101328118163 ) ) ;
#1924 = CARTESIAN_POINT ( 'NONE',  ( -4.174999999999993605, -62.49999999999998579, 115.5000010132811781 ) ) ;
#1925 = ORIENTED_EDGE ( 'NONE', *, *, #517, .T. ) ;
#1926 = DIRECTION ( 'NONE',  ( -1.000000000000000000, -1.156482311573605029E-16, 1.893161728691032465E-16 ) ) ;
#1927 = CIRCLE ( 'NONE', #960, 8.000000000000000000 ) ;
#1928 = ORIENTED_EDGE ( 'NONE', *, *, #1218, .T. ) ;
#1929 = ORIENTED_EDGE ( 'NONE', *, *, #1947, .T. ) ;
#1930 = CARTESIAN_POINT ( 'NONE',  ( 30.00000014900966150, -52.49999999999997868, 0.5000010132811816277 ) ) ;
#1931 = ORIENTED_EDGE ( 'NONE', *, *, #1130, .F. ) ;
#1932 = DIRECTION ( 'NONE',  ( -1.000000000000000000, 0.000000000000000000, 0.000000000000000000 ) ) ;
#1933 = EDGE_CURVE ( 'NONE', #713, #1993, #299, .T. ) ;
#1934 = PLANE ( 'NONE',  #1821 ) ;
#1935 = CARTESIAN_POINT ( 'NONE',  ( -16.00000000000000000, -123.0000000000000000, 0.5000010132811816277 ) ) ;
#1936 = ORIENTED_EDGE ( 'NONE', *, *, #1615, .T. ) ;
#1937 = CARTESIAN_POINT ( 'NONE',  ( -3.174999999999991829, -62.49999999999998579, 112.1310249076965704 ) ) ;
#1938 = ORIENTED_EDGE ( 'NONE', *, *, #313, .F. ) ;
#1939 = ORIENTED_EDGE ( 'NONE', *, *, #1867, .T. ) ;
#1940 = CARTESIAN_POINT ( 'NONE',  ( -3.174999999999992717, -52.49999999999998579, 112.1310249076965704 ) ) ;
#1941 = COLOUR_RGB ( '',1.000000000000000000, 1.000000000000000000, 1.000000000000000000 ) ;
#1942 = CARTESIAN_POINT ( 'NONE',  ( -22.50000000000000000, -77.00000000000000000, 0.5000010132811816277 ) ) ;
#1943 = FACE_OUTER_BOUND ( 'NONE', #1331, .T. ) ;
#1944 = LINE ( 'NONE', #124, #477 ) ;
#1945 = ORIENTED_EDGE ( 'NONE', *, *, #853, .F. ) ;
#1946 = DIRECTION ( 'NONE',  ( -1.156482311573604782E-16, 1.000000000000000000, 6.123233995736766036E-17 ) ) ;
#1947 = EDGE_CURVE ( 'NONE', #1157, #528, #638, .T. ) ;
#1948 = EDGE_LOOP ( 'NONE', ( #774, #1928, #387, #1738 ) ) ;
#1949 = ORIENTED_EDGE ( 'NONE', *, *, #570, .T. ) ;
#1950 = LINE ( 'NONE', #425, #1783 ) ;
#1951 = FACE_OUTER_BOUND ( 'NONE', #988, .T. ) ;
#1952 = VECTOR ( 'NONE', #1537, 1000.000000000000000 ) ;
#1953 = CIRCLE ( 'NONE', #1083, 2.500000000000002220 ) ;
#1954 = LINE ( 'NONE', #391, #510 ) ;
#1955 = AXIS2_PLACEMENT_3D ( 'NONE', #72, #975, #1594 ) ;
#1956 = CIRCLE ( 'NONE', #1283, 4.000000000000003553 ) ;
#1957 = CARTESIAN_POINT ( 'NONE',  ( 19.00000000000003553, -52.49999999999997868, 10.50000101328118163 ) ) ;
#1958 = FACE_BOUND ( 'NONE', #1660, .T. ) ;
#1959 = ORIENTED_EDGE ( 'NONE', *, *, #130, .F. ) ;
#1960 = DIRECTION ( 'NONE',  ( -1.000000000000000000, 0.000000000000000000, 0.000000000000000000 ) ) ;
#1961 = ORIENTED_EDGE ( 'NONE', *, *, #637, .T. ) ;
#1962 = ORIENTED_EDGE ( 'NONE', *, *, #1074, .T. ) ;
#1963 = CARTESIAN_POINT ( 'NONE',  ( 30.00000000000000000, -104.0000000000000142, 10.50000101328118163 ) ) ;
#1964 = EDGE_CURVE ( 'NONE', #983, #1914, #940, .T. ) ;
#1965 = CARTESIAN_POINT ( 'NONE',  ( 27.49999999999999645, -130.0000000000000000, 0.5000010132811816277 ) ) ;
#1966 = CIRCLE ( 'NONE', #1721, 2.000000000000000000 ) ;
#1967 = DIRECTION ( 'NONE',  ( -0.000000000000000000, -0.000000000000000000, -1.000000000000000000 ) ) ;
#1968 = CARTESIAN_POINT ( 'NONE',  ( 30.00000000000000000, -96.00000000000000000, 10.50000101328118163 ) ) ;
#1969 = DIRECTION ( 'NONE',  ( 0.000000000000000000, 0.000000000000000000, 1.000000000000000000 ) ) ;
#1970 = VERTEX_POINT ( 'NONE', #1665 ) ;
#1971 = ORIENTED_EDGE ( 'NONE', *, *, #877, .F. ) ;
#1972 = ORIENTED_EDGE ( 'NONE', *, *, #732, .F. ) ;
#1973 = DIRECTION ( 'NONE',  ( 1.092739197465705287E-16, 5.463695987328526437E-17, -1.000000000000000000 ) ) ;
#1974 = DIRECTION ( 'NONE',  ( -1.000000000000000000, 0.000000000000000000, 0.000000000000000000 ) ) ;
#1975 = EDGE_CURVE ( 'NONE', #1710, #1157, #1989, .T. ) ;
#1976 = AXIS2_PLACEMENT_3D ( 'NONE', #1313, #1902, #1135 ) ;
#1977 = EDGE_CURVE ( 'NONE', #1479, #1648, #1526, .T. ) ;
#1978 = LINE ( 'NONE', #808, #928 ) ;
#1979 = AXIS2_PLACEMENT_3D ( 'NONE', #974, #1323, #1155 ) ;
#1980 = DIRECTION ( 'NONE',  ( 1.000000000000000000, 1.156482311573605029E-16, 0.000000000000000000 ) ) ;
#1981 = VERTEX_POINT ( 'NONE', #1221 ) ;
#1982 = VERTEX_POINT ( 'NONE', #1059 ) ;
#1983 = CARTESIAN_POINT ( 'NONE',  ( 30.00000000000000000, -104.0000000000000142, 0.5000010132811816277 ) ) ;
#1984 = CARTESIAN_POINT ( 'NONE',  ( 16.00000000000000000, -77.00000000000000000, 10.50000101328118163 ) ) ;
#1985 = DIRECTION ( 'NONE',  ( 1.000000000000000000, 0.000000000000000000, 0.000000000000000000 ) ) ;
#1986 = AXIS2_PLACEMENT_3D ( 'NONE', #706, #1320, #1354 ) ;
#1987 = EDGE_CURVE ( 'NONE', #1325, #851, #5, .T. ) ;
#1988 = DIRECTION ( 'NONE',  ( -1.156482311573604782E-16, 1.000000000000000000, 6.123233995736766036E-17 ) ) ;
#1989 = LINE ( 'NONE', #1067, #1897 ) ;
#1990 = AXIS2_PLACEMENT_3D ( 'NONE', #1362, #604, #520 ) ;
#1991 = ORIENTED_EDGE ( 'NONE', *, *, #1412, .F. ) ;
#1992 = AXIS2_PLACEMENT_3D ( 'NONE', #143, #918, #769 ) ;
#1993 = VERTEX_POINT ( 'NONE', #763 ) ;
#1994 = LINE ( 'NONE', #757, #151 ) ;
#1995 = DIRECTION ( 'NONE',  ( -0.000000000000000000, -0.000000000000000000, -1.000000000000000000 ) ) ;
ENDSEC;
END-ISO-10303-21;
